1,2021-08-10 00:00:00,4000,0,"دفعه من الحساب "
1,2021-09-25 00:00:00,0,587,"1 بضاعة فاتورة رقم "
1,2021-10-16 00:00:00,5000,0,دفعة من الحساب بتاريخ 9/25
1,2021-10-16 00:00:00,5000,0,دفعة من الحساب
1,2021-11-15 00:00:00,0,50528,"12157 بضاعة فاتورة رقم "
1,2021-11-15 00:00:00,899,0,"3544إرتجـاع فاتورة رقم "
1,2021-11-17 00:00:00,2800,0," سداد دفعة"
1,2021-11-17 00:00:00,4010,0,سداد دفعة
1,2021-11-20 00:00:00,10000,0,
1,2021-11-24 00:00:00,0,13041,"1 بضاعة فاتورة رقم "
1,2021-12-09 00:00:00,0,830,"13098 بضاعة فاتورة رقم "
1,2021-12-09 00:00:00,4000,0,دفعة من الحساب
1,2021-12-18 00:00:00,2000,0,دفعة من الحساب
1,2021-12-18 00:00:00,0,1056,"12983 بضاعة فاتورة رقم "
1,2021-12-30 00:00:00,0,1650,"1 بضاعة فاتورة رقم "
1,2021-12-30 00:00:00,3000,0,دفعة من الحساب
1,2022-01-01 00:00:00,1000,0,دفعة من الحساب
1,2022-01-06 00:00:00,0,11910,"290183551 بضاعة فاتورة رقم "
1,2022-01-07 00:00:00,6000,0,دفعة من الحساب
1,2022-01-13 00:00:00,0,1960,"1 بضاعة فاتورة رقم "
1,2022-01-25 00:00:00,2000,0,دفعة
1,2022-01-25 00:00:00,0,6810,"1 بضاعة فاتورة رقم "
1,2022-02-11 00:00:00,7000,0,"دفعة "
1,2022-02-15 00:00:00,0,4388,"1 بضاعة فاتورة رقم "
1,2022-02-19 00:00:00,5000,0,دفعة
1,2022-03-17 00:00:00,5000,0,
1,2022-04-15 00:00:00,5000,0,دفعة
1,2022-05-01 00:00:00,5000,0,دفعة
1,2022-05-14 00:00:00,3000,0,دفعة
1,2022-05-16 00:00:00,2000,0,دفعة
1,2022-05-30 00:00:00,3000,0,دفعة
1,2022-06-03 00:00:00,0,29677,"1 بضاعة فاتورة رقم "
1,2022-06-03 00:00:00,636,0,"1إرتجـاع فاتورة رقم "
1,2022-06-03 00:00:00,0,16838,"1 بضاعة فاتورة رقم "
1,2022-06-03 00:00:00,642,0,"1إرتجـاع فاتورة رقم "
1,2022-06-03 00:00:00,2000,0,دفعة
1,2022-06-03 00:00:00,462,0,"1إرتجـاع فاتورة رقم "
1,2022-06-11 00:00:00,5000,0,دفعة
1,2022-06-18 00:00:00,3000,0,دفعة
1,2022-06-25 00:00:00,2000,0,دفعة
1,2022-07-28 00:00:00,5000,0,دفعة
1,2022-08-13 00:00:00,3000,0,"دفعة "
1,2022-08-24 00:00:00,3000,0,دفعة
1,2022-09-03 00:00:00,3000,0,دفعة
1,2022-09-17 00:00:00,3000,0,دفعة
1,2022-09-24 00:00:00,5000,0,دفعة
1,2022-10-08 00:00:00,3000,0,دفعة
1,2022-10-10 00:00:00,0,6185,"299 بضاعة فاتورة رقم "
1,2022-10-10 00:00:00,6185,0,دفعة
1,2022-10-22 00:00:00,3000,0,دفعة
1,2022-11-05 00:00:00,3000,0,دفعة
1,2022-11-19 00:00:00,4000,0,دفعة
1,2022-12-03 00:00:00,3000,0,دفعة غالب
1,2022-12-24 00:00:00,5000,0,د\فعة
1,2022-12-31 00:00:00,0,8260,"351 بضاعة فاتورة رقم "
1,2022-12-31 00:00:00,5000,0,دفعة غالب
1,2023-01-02 00:00:00,6440,0,"1إرتجـاع فاتورة رقم "
1,2023-01-16 00:00:00,5000,0,دفعة
1,2023-01-31 00:00:00,4000,0,دفعة الاحد
1,2023-02-11 00:00:00,3000,0,دفعة
1,2023-02-27 00:00:00,4000,0,دفعة
1,2023-03-18 00:00:00,0,6440,"393 بضاعة فاتورة رقم "
1,2023-03-18 00:00:00,4350,0,دفعة غالب
1,2023-04-01 00:00:00,3000,0,دفعة
1,2023-04-10 00:00:00,2000,0,دفعة
1,2023-04-18 00:00:00,1000,0,دفعة غالب
1,2023-06-01 00:00:00,0,15925,"428 بضاعة فاتورة رقم "
1,2023-06-11 00:00:00,3000,0,دفعة
1,2023-06-14 00:00:00,3000,0,دفعة
1,2023-06-15 00:00:00,0,5620,"437 بضاعة فاتورة رقم "
1,2023-06-20 00:00:00,3000,0,دفعة
1,2023-06-22 00:00:00,0,7840,"445 بضاعة فاتورة رقم "
1,2023-06-22 00:00:00,0,19000,"446 بضاعة فاتورة رقم "
1,2023-06-22 00:00:00,10000,0,دفعة
1,2023-07-10 00:00:00,10000,0,دفعة
1,2023-07-13 00:00:00,0,42090,"451 بضاعة فاتورة رقم "
1,2023-07-13 00:00:00,5000,0,دفعة
1,2023-07-15 00:00:00,3000,0,دفعة
1,2023-07-20 00:00:00,2000,0,دفعة
1,2023-07-20 00:00:00,0,14400,"458 بضاعة فاتورة رقم "
1,2023-07-20 00:00:00,0,2700,"459 بضاعة فاتورة رقم "
1,2023-07-22 00:00:00,10000,0,دفعة
1,2023-07-29 00:00:00,20000,0,دفعة
1,2023-08-07 00:00:00,5000,0,دفعة
1,2023-08-08 00:00:00,0,119435,"466 بضاعة فاتورة رقم "
1,2023-08-11 00:00:00,50000,0,دفعة
1,2023-08-14 00:00:00,5000,0,دفعة
1,2023-08-21 00:00:00,10000,0,دفعة
1,2023-08-31 00:00:00,10000,0,دفعة
1,2023-09-07 00:00:00,5000,0,دفعة
1,2023-09-14 00:00:00,0,2200,"484 بضاعة فاتورة رقم "
1,2023-09-14 00:00:00,10000,0,دفعة
1,2023-09-21 00:00:00,10000,0,دفعة
1,2023-09-29 00:00:00,10000,0,دفعة
1,2023-09-29 00:00:00,0,7710,"494 بضاعة فاتورة رقم "
1,2023-09-29 00:00:00,0,9400,"495 بضاعة فاتورة رقم "
1,2023-10-06 00:00:00,9435,0,دفعة غالب
1,2023-10-18 00:00:00,5000,0,دفعة
1,2023-10-30 00:00:00,10000,0,دفعة
1,2023-11-14 00:00:00,10000,0,دفعة
1,2023-11-21 00:00:00,7000,0,دفعة
1,2023-11-24 00:00:00,0,71960,"525 بضاعة فاتورة رقم "
1,2023-11-29 00:00:00,20000,0,دفعة
1,2023-12-08 00:00:00,15000,0,دفعة
1,2023-12-18 00:00:00,10000,0,دفعة
1,2023-12-23 00:00:00,10000,0,دفعة
1,2024-01-11 00:00:00,10000,0,دفعة
1,2024-01-19 00:00:00,10000,0,دفعة
1,2024-01-23 00:00:00,0,12000,"552 بضاعة فاتورة رقم "
1,2024-01-23 00:00:00,0,8000,"553 بضاعة فاتورة رقم "
1,2024-01-23 00:00:00,10000,0,دفعة
1,2024-01-31 00:00:00,0,8880,"559 بضاعة فاتورة رقم "
1,2024-01-31 00:00:00,10000,0,دفعة
1,2024-02-02 00:00:00,0,18750,"560 بضاعة فاتورة رقم "
1,2024-02-20 00:00:00,10000,0,دفعة
1,2024-02-29 00:00:00,10000,0,دفعة
1,2024-03-05 00:00:00,0,26500,"572 بضاعة فاتورة رقم "
1,2024-03-18 00:00:00,5000,0,دفعة
1,2024-03-31 00:00:00,10000,0,دفعة
1,2024-05-01 00:00:00,10000,0,دفعة
1,2024-05-07 00:00:00,0,12800,"592 بضاعة فاتورة رقم "
1,2024-05-07 00:00:00,0,33727,"593 بضاعة فاتورة رقم "
1,2024-05-07 00:00:00,10000,0,دفعة
1,2024-05-13 00:00:00,10000,0,دفعة
1,2024-06-09 00:00:00,10000,0,دفعة
1,2024-06-09 00:00:00,10000,0,دفعة
1,2024-07-02 00:00:00,10000,0,دفعة
1,2024-07-20 00:00:00,10000,0,دفعة
1,2024-08-02 00:00:00,0,5550,"619 بضاعة فاتورة رقم "
1,2024-08-10 00:00:00,10000,0,دفعة
1,2024-08-12 00:00:00,0,39425,"622 بضاعة فاتورة رقم "
1,2024-08-12 00:00:00,0,9700,"623 بضاعة فاتورة رقم "
1,2024-08-28 00:00:00,7000,0,دفعة
1,2024-09-09 00:00:00,5000,0,دفعة
1,2024-10-02 00:00:00,5000,0,دفعة
1,2024-10-10 00:00:00,5000,0,دفعة
1,2024-10-21 00:00:00,10000,0,دفعة
1,2024-11-25 00:00:00,10000,0,دفعة
1,2024-11-25 00:00:00,6000,0,دفعة
1,2025-01-21 00:00:00,0,11250,"662 بضاعة فاتورة رقم "
1,2025-01-21 00:00:00,0,24409,"663 بضاعة فاتورة رقم "
1,2025-01-21 00:00:00,10200,0,دفعة قديمة
1,2025-01-31 00:00:00,0,25230,"668 بضاعة فاتورة رقم "
1,2025-02-03 00:00:00,10000,0,سلفة
1,2025-02-15 00:00:00,10000,0,دفعة
1,2025-02-28 00:00:00,10000,0,دفعة
1,2025-03-05 00:00:00,0,18200,"684 بضاعة فاتورة رقم "
1,2025-03-15 00:00:00,10000,0,"دفعة "
1,2025-03-19 00:00:00,0,16000,"688 بضاعة فاتورة رقم "
1,2025-03-21 00:00:00,10000,0,دفعة
1,2025-03-28 00:00:00,10000,0,"دفعة تحويل انستا باى "
1,2025-04-12 00:00:00,0,0,"689 بضاعة فاتورة رقم "
1,2025-04-14 00:00:00,10000,0,"دفعة "
1,2025-04-14 00:00:00,0,30700,"690 بضاعة فاتورة رقم "
1,2025-04-17 00:00:00,0,26800,"698 بضاعة فاتورة رقم "
1,2025-05-03 00:00:00,10000,0,دفعة
1,2025-05-20 00:00:00,10000,0,دفعة
1,2025-05-27 00:00:00,10000,0,دفعة 25-05
1,2025-06-01 00:00:00,0,8660,"722 بضاعة فاتورة رقم "
1,2025-06-14 00:00:00,10000,0,دفعة
1,2025-06-23 00:00:00,10000,0,دفعة
1,2025-07-05 00:00:00,10000,0,دفعة
1,2025-07-11 00:00:00,0,13000,"739 بضاعة فاتورة رقم "
1,2025-07-29 00:00:00,10000,0,دفعة
1,2025-08-09 00:00:00,10000,0,دفعة
1,2025-08-09 00:00:00,0,25200,"753 بضاعة فاتورة رقم "
1,2025-08-23 00:00:00,0,34080,"755 بضاعة فاتورة رقم "
1,2025-08-23 00:00:00,10000,0,دفعة
1,2025-09-06 00:00:00,10000,0,دفعة
1,2025-09-22 00:00:00,10000,0,دفعة
1,2025-09-27 00:00:00,5000,0,دفعة
1,2025-10-01 00:00:00,0,53550,"768 بضاعة فاتورة رقم "
1,2025-10-06 00:00:00,5000,0,دفعة
1,2025-10-14 00:00:00,5000,0,دفعة
1,2025-10-18 00:00:00,5000,0,دفعة
1,2025-10-28 00:00:00,5000,0,دفعة
1,2025-11-01 00:00:00,5000,0,دفعة
1,2025-11-08 00:00:00,5000,0,دفعة
1,2025-11-15 00:00:00,5000,0,دفعة
1,2025-11-24 00:00:00,5000,0,دفعة
1,2025-12-01 00:00:00,5000,0,دفعة
1,2025-12-08 00:00:00,5000,0,"دفعة "
1,2025-12-15 00:00:00,5000,0,دفعة
1,2025-12-23 00:00:00,5000,0,دفعة
1,2025-12-26 00:00:00,5000,0,دفعة مختار
1,2026-01-03 00:00:00,5000,0,دفعة
1,2026-01-06 00:00:00,0,17400,"806 بضاعة فاتورة رقم "
1,2026-01-10 00:00:00,5000,0,دفعة
1,2026-01-17 00:00:00,5000,0,دفعة
1,2026-01-20 00:00:00,30000,0,دفعة تيل فرامل
1,2026-01-20 00:00:00,0,58810,"811 بضاعة فاتورة رقم "
1,2026-01-24 00:00:00,5000,0,دفعة
1,2026-02-06 00:00:00,0,36510,"817 بضاعة فاتورة رقم "
1,2026-02-06 00:00:00,36510,0,"1إرتجـاع فاتورة رقم "
1,2026-02-07 00:00:00,5000,0,دفعة
1,2026-02-13 00:00:00,0,9300,"820 بضاعة فاتورة رقم "
1,2026-02-23 00:00:00,10000,0,دفعتين
1,2026-03-07 00:00:00,10000,0,دفعة
1,2026-03-14 00:00:00,5000,0,دفعة
1,2026-03-24 00:00:00,5000,0,دفعة
1,2026-03-28 00:00:00,5000,0,دفعة
1,2026-04-04 00:00:00,10000,0,دفعة
1,2026-04-14 00:00:00,5000,0,دفعة
1,2026-04-17 00:00:00,0,9000,"843 بضاعة فاتورة رقم "
1,2026-04-17 00:00:00,0,27425,"844 بضاعة فاتورة رقم "
1,2026-04-17 00:00:00,0,8200,"842 بضاعة فاتورة رقم "
1,2026-04-18 00:00:00,5000,0,دفعة غالب
1,2026-05-02 00:00:00,10000,0,دفعة
1,2026-05-07 00:00:00,0,20250,"849 بضاعة فاتورة رقم "
1,2026-05-09 00:00:00,5000,0,دفعة
1,2026-05-16 00:00:00,5000,0,دفعة
1,2026-05-23 00:00:00,5000,0,دفعة
1,2026-06-01 00:00:00,5000,0,دفعة
1,2026-06-08 00:00:00,5000,0,دفعة
1,2026-06-11 00:00:00,0,5400,"856 بضاعة فاتورة رقم "
1,2026-06-15 00:00:00,5000,0,دفعة
2,2021-08-12 00:00:00,1000,0,"من الحساب "
2,2021-08-14 00:00:00,1000,0,"من الحساب "
2,2021-08-21 00:00:00,3000,0,"دفعه من الحساب "
2,2021-08-22 00:00:00,0,6590,"1 بضاعة فاتورة رقم "
2,2021-08-28 00:00:00,0,2863,"1 بضاعة فاتورة رقم "
2,2021-08-28 00:00:00,1000,0,"دفعه "
2,2021-09-08 00:00:00,2000,0,"دفعه من الحساب "
2,2021-09-16 00:00:00,3000,0,"من الحساب "
2,2021-09-21 00:00:00,0,0,"1 بضاعة فاتورة رقم "
2,2021-09-21 00:00:00,0,0,"1 بضاعة فاتورة رقم "
2,2021-09-24 00:00:00,0,1200,"1 بضاعة فاتورة رقم "
2,2021-10-02 00:00:00,1000,0,دفعة من الحساب
2,2021-10-06 00:00:00,0,505,"1 بضاعة فاتورة رقم "
2,2021-10-12 00:00:00,2000,0,دفعة من الحساب
2,2021-10-16 00:00:00,2000,0,"فاتورة رقم 234 اطقم تيل فرامل امامى "
2,2021-10-16 00:00:00,0,0,"234 بضاعة فاتورة رقم "
2,2021-10-16 00:00:00,0,2253,"234 بضاعة فاتورة رقم "
2,2021-10-23 00:00:00,1000,0,دفعة من الحساب
2,2021-10-28 00:00:00,0,2220,"1 بضاعة فاتورة رقم "
2,2021-10-28 00:00:00,2220,0,سداد قيمة فاتورة رقم 1878 قلب طلمبة + فلتر زيت + فلتر زيت
2,2021-11-09 00:00:00,0,480,"243 بضاعة فاتورة رقم "
2,2021-11-09 00:00:00,0,5400,"243 بضاعة فاتورة رقم "
2,2021-11-09 00:00:00,0,240,"243 بضاعة فاتورة رقم "
2,2021-11-09 00:00:00,2000,0,دفعة من الحساب
2,2021-11-19 00:00:00,1000,0,
2,2021-12-04 00:00:00,1000,0,دفعة من الحساب
2,2021-12-04 00:00:00,2730,0,دفعة مرتجع بوجيهات
2,2021-12-10 00:00:00,1000,0,"دفعة من الحساب "
2,2021-12-14 00:00:00,500,0,دفعة من الحساب
2,2021-12-24 00:00:00,1000,0,دفعة من الحساب
2,2021-12-31 00:00:00,1000,0,دفعة من الحساب
2,2022-01-05 00:00:00,1217,0,باقى الحساب
265,2026-01-31 00:00:00,5000,0,دفعة
266,2021-08-03 00:00:00,1000,0,برستا 10 طن apt  الحساب 2750 باقى 1750
266,2021-08-12 00:00:00,1000,0,من حساب باقى 750
266,2021-08-19 00:00:00,750,0,
266,2021-08-31 00:00:00,0,650,"1 بضاعة فاتورة رقم "
266,2021-09-03 00:00:00,400,0,"دفعه من الحساب "
266,2021-09-03 00:00:00,0,0,"1 بضاعة فاتورة رقم "
266,2021-09-10 00:00:00,300,0,"دفعه "
266,2021-09-17 00:00:00,300,0,
266,2021-09-17 00:00:00,0,0,"1 بضاعة فاتورة رقم "
266,2021-10-08 00:00:00,500,0,من حساب الزرجينه
266,2021-10-08 00:00:00,0,1750,"1 بضاعة فاتورة رقم "
266,2021-10-08 00:00:00,0,625,"1 بضاعة فاتورة رقم "
266,2021-10-21 00:00:00,525,0,"دفعة "
266,2021-11-30 00:00:00,0,2000,"1 بضاعة فاتورة رقم "
266,2021-12-01 00:00:00,500,0,"دفعة من الحساب "
266,2021-12-03 00:00:00,0,1900,"1 بضاعة فاتورة رقم "
266,2021-12-09 00:00:00,500,0,دفعة من الحساب
266,2021-12-17 00:00:00,1000,0,دفعة من الحساب
266,2021-12-27 00:00:00,0,1200,"1 بضاعة فاتورة رقم "
266,2021-12-27 00:00:00,1000,0,دفعة من الحساب
266,2022-01-14 00:00:00,600,0,"دفعة "
266,2022-01-19 00:00:00,1000,0,دفعة
266,2022-02-04 00:00:00,500,0,دفعة من الحساب
266,2022-02-04 00:00:00,0,475,"1 بضاعة فاتورة رقم "
266,2022-02-11 00:00:00,0,875,"1 بضاعة فاتورة رقم "
266,2022-02-12 00:00:00,300,0,دفعة
266,2022-02-12 00:00:00,500,0,دفعة تم سدادها فى 1 يناير لم يتم تسجيلها من قبل
266,2022-02-18 00:00:00,550,0,دفعة
266,2022-02-22 00:00:00,0,200,"1 بضاعة فاتورة رقم "
266,2022-02-22 00:00:00,500,0,دفعة
266,2022-02-25 00:00:00,0,1730,"1 بضاعة فاتورة رقم "
266,2022-02-25 00:00:00,400,0,دفعة
266,2022-03-10 00:00:00,300,0,دفعة
266,2022-03-18 00:00:00,600,0,
266,2022-03-18 00:00:00,0,350,"1 بضاعة فاتورة رقم "
266,2022-03-25 00:00:00,300,0,
266,2022-04-08 00:00:00,300,0,
266,2022-05-26 00:00:00,500,0,دفعة
266,2022-06-15 00:00:00,150,0,دفعة
266,2022-06-22 00:00:00,230,0,دفعة اخيرة
266,2023-03-03 00:00:00,0,3500,"379 بضاعة فاتورة رقم "
266,2023-03-03 00:00:00,500,0,دفعة
266,2023-03-08 00:00:00,500,0,دفعة
266,2023-03-15 00:00:00,500,0,دفعة
266,2023-03-29 00:00:00,250,0,دفعة
266,2023-03-29 00:00:00,0,675,"398 بضاعة فاتورة رقم "
266,2023-04-05 00:00:00,500,0,دفعة
266,2023-05-12 00:00:00,600,0,دفعة
266,2023-05-19 00:00:00,200,0,دفعة
266,2023-05-26 00:00:00,500,0,دفعة
266,2023-06-01 00:00:00,625,0,دفعة خالص الحساب
266,2023-08-19 00:00:00,0,3400,"468 بضاعة فاتورة رقم "
266,2023-08-19 00:00:00,700,0,دفعة
266,2023-08-30 00:00:00,500,0,دفعة
266,2023-09-02 00:00:00,700,0,دفعة
266,2023-09-04 00:00:00,0,3390,"479 بضاعة فاتورة رقم "
266,2023-09-04 00:00:00,1000,0,دفعة
266,2023-09-08 00:00:00,500,0,دفعة
266,2023-09-14 00:00:00,0,2335,"485 بضاعة فاتورة رقم "
266,2023-09-14 00:00:00,1000,0,دفعة
266,2023-09-23 00:00:00,500,0,دفعة
266,2023-10-02 00:00:00,200,0,دفعة
266,2023-10-20 00:00:00,300,0,دفعة
266,2023-10-27 00:00:00,300,0,دفعة
266,2023-11-02 00:00:00,300,0,دفعة
266,2023-11-16 00:00:00,300,0,دفعة
266,2023-11-24 00:00:00,300,0,دفعة
266,2023-12-01 00:00:00,300,0,دفعة
266,2023-12-06 00:00:00,300,0,دفعة
266,2023-12-15 00:00:00,300,0,دفعة
266,2023-12-25 00:00:00,300,0,دفعة
266,2024-01-01 00:00:00,335,0,دفعة
268,2021-11-01 00:00:00,0,4200,"1 بضاعة فاتورة رقم "
268,2021-11-01 00:00:00,4200,0," مشتريات عدد 20 جركن زيت 5000 * 210 جنيه "
268,2021-11-17 00:00:00,7000,0,سداد دفعة
268,2021-11-17 00:00:00,5000,0,سداد دفعة
268,2021-11-20 00:00:00,5000,0,سداد دفعه
268,2021-11-20 00:00:00,10000,0,سداد دفعه
268,2021-11-20 00:00:00,11400,0,سداد دفعه
268,2021-11-30 00:00:00,0,38400,"1 بضاعة فاتورة رقم "
268,2022-01-24 00:00:00,0,10400,"1 بضاعة فاتورة رقم "
268,2022-01-24 00:00:00,10400,0,قيمة 52 زيت شيل 5000 اصفر*200 جنيه
268,2022-02-12 00:00:00,0,8000,"1 بضاعة فاتورة رقم "
268,2022-02-12 00:00:00,8000,0,قيمة 20 عبوة زيت 10000
268,2022-03-05 00:00:00,0,8260,"1 بضاعة فاتورة رقم "
268,2022-03-19 00:00:00,0,15000,"1 بضاعة فاتورة رقم "
268,2022-03-19 00:00:00,15000,0,
268,2022-03-25 00:00:00,2000,0,
269,2021-11-13 00:00:00,2580,0,
269,2021-11-24 00:00:00,0,5560,"1 بضاعة فاتورة رقم "
269,2021-11-24 00:00:00,5560,0,قيمة فاتورة رقم 12021 فى 2021/11/24
269,2021-11-27 00:00:00,0,1680,"42693 بضاعة فاتورة رقم "
269,2021-11-27 00:00:00,1680,0,قيمة فاتورة زيت مانول رقم 42693
269,2021-11-30 00:00:00,0,2580,"1 بضاعة فاتورة رقم "
269,2021-12-02 00:00:00,0,2500,"12045 بضاعة فاتورة رقم "
269,2021-12-02 00:00:00,2500,0,قيمة فاتورة رقم 12045 زيت فتيس ديكسرون6 1 لتر
269,2021-12-03 00:00:00,0,1900,"1 بضاعة فاتورة رقم "
269,2021-12-04 00:00:00,1900,0,قيمة فاتورة ادوات ميكانيكا اضيفت خطا لشركة مانول
269,2021-12-11 00:00:00,0,1782,"1 بضاعة فاتورة رقم "
269,2021-12-11 00:00:00,1782,0,قيمة 12 زيت فتيس * 150
269,2021-12-18 00:00:00,1380,0,"قيمة فاتورة رقم 12581 "
269,2021-12-18 00:00:00,0,1380,"12581 بضاعة فاتورة رقم "
269,2021-12-25 00:00:00,0,1380,"1 بضاعة فاتورة رقم "
269,2021-12-25 00:00:00,1380,0,قيمة 12 لتر زيت فتيس * 115 جنيه
269,2021-12-27 00:00:00,0,3980,"1 بضاعة فاتورة رقم "
269,2021-12-27 00:00:00,3980,0,قيمة فاتورة رقم 10254 زيت فتيس ديكسرون6 + SP3
269,2022-02-08 00:00:00,0,2600,"1 بضاعة فاتورة رقم "
269,2022-02-08 00:00:00,2600,0,زيت فتيس ديكسرون6   20 *130
269,2022-02-15 00:00:00,0,3980,"1 بضاعة فاتورة رقم "
269,2022-02-15 00:00:00,3980,0,فاتورة زيت فتيس مانول
269,2022-02-22 00:00:00,3980,0,حساب زيت فتيس
269,2022-02-22 00:00:00,0,3980,"1 بضاعة فاتورة رقم "
269,2022-03-08 00:00:00,0,1620,"1 بضاعة فاتورة رقم "
269,2022-03-08 00:00:00,1620,0,زيت فتيس مانول
269,2026-03-10 00:00:00,0,47600,"831 بضاعة فاتورة رقم "
269,2026-03-10 00:00:00,47600,0,مانول
270,2021-10-04 00:00:00,300,0,دفعة من الحساب
270,2021-10-11 00:00:00,205,0,دفعة من الحساب
270,2021-10-11 00:00:00,0,100,"1 بضاعة فاتورة رقم "
270,2021-10-12 00:00:00,100,0,دفعة من الحساب
270,2021-10-13 00:00:00,200,0,دفعة من الحساب
270,2021-10-15 00:00:00,200,0,دفعة من الحساب
270,2021-10-18 00:00:00,0,230,"1 بضاعة فاتورة رقم "
270,2021-10-19 00:00:00,0,420,"1 بضاعة فاتورة رقم "
270,2021-10-19 00:00:00,220,0,دفعة من الحساب
270,2021-10-26 00:00:00,0,100,"1 بضاعة فاتورة رقم "
270,2021-10-26 00:00:00,300,0,سداد قيمة الحساب
270,2021-10-27 00:00:00,0,195,"1 بضاعة فاتورة رقم "
270,2021-10-27 00:00:00,195,0,سداد قيمة فاتورة مستلزمات دوكو
270,2021-11-01 00:00:00,0,565,"1 بضاعة فاتورة رقم "
270,2021-11-01 00:00:00,365,0,دفغة من الحساب
270,2021-11-03 00:00:00,200,0,باقى الحساب
270,2021-11-08 00:00:00,0,75,"1 بضاعة فاتورة رقم "
270,2021-11-08 00:00:00,75,0,"ورق صنفرة "
270,2021-11-17 00:00:00,400,0,باقى 200
270,2021-11-24 00:00:00,80,0,دفعة من الحساب
270,2021-11-26 00:00:00,0,540,"1 بضاعة فاتورة رقم "
270,2021-11-26 00:00:00,300,0,دفعة من الحساب
270,2021-11-27 00:00:00,0,320,"1 بضاعة فاتورة رقم "
270,2021-11-27 00:00:00,150,0,دفعة من الحساب
270,2021-11-30 00:00:00,0,480,"1 بضاعة فاتورة رقم "
270,2021-12-04 00:00:00,200,0,"دفعة من الحساب "
270,2021-12-07 00:00:00,0,750,"1 بضاعة فاتورة رقم "
270,2021-12-07 00:00:00,760,0,دفعة من الحساب
270,2021-12-13 00:00:00,200,0,باقى الحساب
270,2021-12-15 00:00:00,0,2580,"1 بضاعة فاتورة رقم "
270,2021-12-15 00:00:00,1860,0,"قيمة 6 كيلو ورنيش 60-50 *310 "
270,2021-12-20 00:00:00,200,0,دفعة من الحساب
270,2021-12-20 00:00:00,0,100,"1 بضاعة فاتورة رقم "
270,2021-12-23 00:00:00,120,0,دفعة من الحساب
270,2021-12-29 00:00:00,500,0,دفعة
270,2021-12-29 00:00:00,0,365,"1 بضاعة فاتورة رقم "
270,2022-01-05 00:00:00,200,0,دفعة من الحساب
270,2022-01-07 00:00:00,0,420,"1 بضاعة فاتورة رقم "
270,2022-01-07 00:00:00,420,0,دفعة
270,2022-01-12 00:00:00,165,0,تصفية الحساب
270,2022-01-17 00:00:00,0,555,"1 بضاعة فاتورة رقم "
270,2022-01-18 00:00:00,0,240,"1 بضاعة فاتورة رقم "
270,2022-01-18 00:00:00,20,0,دفعة
270,2022-01-18 00:00:00,275,0,دفعة
270,2022-01-18 00:00:00,0,150,"1 بضاعة فاتورة رقم "
270,2022-01-19 00:00:00,0,720,"1 بضاعة فاتورة رقم "
270,2022-01-19 00:00:00,470,0,دفعة
270,2022-01-22 00:00:00,400,0,دفعة
270,2022-02-01 00:00:00,0,100,"1 بضاعة فاتورة رقم "
270,2022-02-01 00:00:00,325,0,دفعة
270,2022-02-05 00:00:00,0,355,"1 بضاعة فاتورة رقم "
270,2022-02-05 00:00:00,330,0,دفعة
270,2022-02-08 00:00:00,0,0,"1 بضاعة فاتورة رقم "
270,2022-02-08 00:00:00,0,540,"1 بضاعة فاتورة رقم "
270,2022-02-08 00:00:00,500,0,دفعة
270,2022-02-09 00:00:00,0,1080,"1 بضاعة فاتورة رقم "
270,2022-02-09 00:00:00,500,0,دفعة
270,2022-02-14 00:00:00,200,0,دفعة
270,2022-02-16 00:00:00,220,0,دفعة
270,2022-02-28 00:00:00,300,0,دفعة
270,2022-03-03 00:00:00,200,0,دفعة
270,2022-03-03 00:00:00,0,280,"1 بضاعة فاتورة رقم "
270,2022-03-07 00:00:00,0,690,"1 بضاعة فاتورة رقم "
270,2022-03-07 00:00:00,280,0,دفعة
270,2022-03-09 00:00:00,200,0,دفعة
270,2022-03-15 00:00:00,0,670,"1 بضاعة فاتورة رقم "
270,2022-03-15 00:00:00,500,0,
270,2022-03-17 00:00:00,200,0,
270,2022-03-25 00:00:00,200,0,
270,2022-03-28 00:00:00,100,0,
270,2022-03-31 00:00:00,0,860,"1 بضاعة فاتورة رقم "
270,2022-03-31 00:00:00,200,0,
270,2022-04-07 00:00:00,200,0,
270,2022-04-11 00:00:00,0,1377,"1 بضاعة فاتورة رقم "
270,2022-04-11 00:00:00,1000,0,
270,2022-04-11 00:00:00,0,40,"1 بضاعة فاتورة رقم "
270,2022-04-14 00:00:00,200,0,دفعة
270,2022-04-16 00:00:00,200,0,دفعة
270,2022-04-19 00:00:00,200,0,دفعة
270,2022-04-20 00:00:00,400,0,دفعة
270,2022-04-20 00:00:00,0,575,"1 بضاعة فاتورة رقم "
270,2022-04-26 00:00:00,200,0,دفعة
270,2022-05-11 00:00:00,212,0,دفعة
270,2022-05-16 00:00:00,335,0,دفعة
270,2022-05-16 00:00:00,0,742.5,"1 بضاعة فاتورة رقم "
270,2022-05-19 00:00:00,0,1260,"1 بضاعة فاتورة رقم "
270,2022-05-19 00:00:00,200,0,دفعة
270,2022-05-20 00:00:00,0,650,"1 بضاعة فاتورة رقم "
270,2022-05-20 00:00:00,500,0,دفعة
270,2022-05-21 00:00:00,300,0,دفعة
270,2022-05-23 00:00:00,500,0,دفعة
270,2022-05-23 00:00:00,0,24,"1 بضاعة فاتورة رقم "
270,2022-05-25 00:00:00,500,0,دفعة
270,2022-05-28 00:00:00,540,0,دفعة
270,2022-05-28 00:00:00,0,605,"1 بضاعة فاتورة رقم "
270,2022-05-30 00:00:00,0,250,"1 بضاعة فاتورة رقم "
270,2022-06-01 00:00:00,300,0,دفعة
270,2022-06-04 00:00:00,200,0,دفعة
270,2022-06-04 00:00:00,0,120,"1 بضاعة فاتورة رقم "
270,2022-06-08 00:00:00,200,0,دفعة
270,2022-06-10 00:00:00,0,740,"1 بضاعة فاتورة رقم "
270,2022-06-10 00:00:00,300,0,دفعة
270,2022-06-14 00:00:00,200,0,دفعة
270,2022-06-17 00:00:00,0,120,"1 بضاعة فاتورة رقم "
270,2022-06-17 00:00:00,200,0,دفعة
270,2022-06-21 00:00:00,0,510,"1 بضاعة فاتورة رقم "
270,2022-06-21 00:00:00,200,0,دفعة
270,2022-06-24 00:00:00,200,0,دفعة
270,2022-06-28 00:00:00,300,0,دفعة
270,2022-06-30 00:00:00,245,0,دفعة
270,2022-08-09 00:00:00,0,415,"265 بضاعة فاتورة رقم "
270,2022-08-09 00:00:00,200,0,دفعة
270,2022-08-15 00:00:00,100,0,دفعة
270,2022-08-29 00:00:00,115,0,دفعة
270,2022-09-17 00:00:00,0,480,"279 بضاعة فاتورة رقم "
270,2022-09-17 00:00:00,200,0,دفعة
270,2022-09-20 00:00:00,200,0,دفعة
271,2021-10-15 00:00:00,1000,0,دفعة من الحساب
271,2021-10-15 00:00:00,0,3437,"1829 بضاعة فاتورة رقم "
271,2021-10-22 00:00:00,1000,0,دفعة من الحساب
271,2021-10-29 00:00:00,900,0,"دفعة من الحساب "
271,2021-10-29 00:00:00,0,480,"1 بضاعة فاتورة رقم "
271,2021-11-05 00:00:00,0,1354,"1 بضاعة فاتورة رقم "
271,2021-11-05 00:00:00,1000,0,دفغة من الحساب
271,2021-11-12 00:00:00,1000,0,دفعة من الحساب
271,2021-11-19 00:00:00,1000,0,
271,2021-11-19 00:00:00,0,2633,"1 بضاعة فاتورة رقم "
271,2021-11-26 00:00:00,800,0,دفعة من الحساب
271,2021-12-03 00:00:00,1204,0,باقى الحساب
271,2022-02-18 00:00:00,500,0,دفعة من الحساب
271,2022-02-18 00:00:00,0,500,"1 بضاعة فاتورة رقم "
272,2021-10-16 00:00:00,0,0,"1 بضاعة فاتورة رقم "
273,2021-10-25 00:00:00,0,2000,"1 بضاعة فاتورة رقم "
273,2021-10-25 00:00:00,1000,0,دفعة من لحساب
273,2021-11-03 00:00:00,1000,0,باقى الحساب
273,2021-11-20 00:00:00,0,2250,"1 بضاعة فاتورة رقم "
273,2021-11-25 00:00:00,1250,0,دفعة من الحساب
273,2021-12-09 00:00:00,1000,0,باقى الحساب
273,2021-12-10 00:00:00,0,2000,"1832 بضاعة فاتورة رقم "
273,2021-12-11 00:00:00,0,1782,"1 بضاعة فاتورة رقم "
273,2021-12-13 00:00:00,1782,0,تسوية حساب فاتورة زيت فتيس سجلت خطا
273,2021-12-13 00:00:00,2000,0,باقى الحساب
273,2021-12-21 00:00:00,0,1000,"1 بضاعة فاتورة رقم "
273,2021-12-27 00:00:00,1000,0,باقى الحساب
273,2022-01-25 00:00:00,0,1320,"1 بضاعة فاتورة رقم "
273,2022-02-08 00:00:00,500,0,دفعة
273,2022-02-14 00:00:00,820,0,باقى الحساب
273,2022-03-01 00:00:00,0,1670,"1 بضاعة فاتورة رقم "
273,2022-03-03 00:00:00,500,0,دفعة
273,2022-03-09 00:00:00,1000,0,دفعة
273,2022-03-09 00:00:00,0,1580,"1 بضاعة فاتورة رقم "
273,2022-03-23 00:00:00,1500,0,
273,2022-03-23 00:00:00,250,0,
274,2021-11-03 00:00:00,0,894,"3863 بضاعة فاتورة رقم "
274,2021-11-03 00:00:00,895,0,قيمة فاتورة رقم 3863
274,2021-11-25 00:00:00,0,850,"17802 بضاعة فاتورة رقم "
274,2021-11-25 00:00:00,850,0,قيمة فاتورة زيت شيل احمر 3000 رقم 17802
274,2021-11-30 00:00:00,0,1,"1 بضاعة فاتورة رقم "
274,2021-12-01 00:00:00,0,888,"17898 بضاعة فاتورة رقم "
274,2021-12-01 00:00:00,888,0,قيمة فاتورة زيت باور رقم 17898
274,2021-12-15 00:00:00,0,720,"18164 بضاعة فاتورة رقم "
274,2021-12-15 00:00:00,720,0,زيت فتيس 80/90 12 عبوة*60جنيه فاتورة رقم 18164
274,2022-01-15 00:00:00,0,852,"118713 بضاعة فاتورة رقم "
274,2022-01-15 00:00:00,852,0,قيمة فاتورة 4 جركن زيت شيل احمر 3000
274,2022-02-23 00:00:00,0,1744.8,"1 بضاعة فاتورة رقم "
274,2022-02-23 00:00:00,0,0.2,"1 بضاعة فاتورة رقم "
274,2022-02-23 00:00:00,1745,0,حساب زيت 3000 + زيت باور
275,2021-11-03 00:00:00,0,200,"1 بضاعة فاتورة رقم "
275,2021-11-03 00:00:00,200,0,"قيمة فاتورة 1 مياه تبريد خضراء "
276,2021-11-24 00:00:00,0,6745,"1 بضاعة فاتورة رقم "
276,2021-11-24 00:00:00,6745,0,قيمة فاتورة رقم 63
277,2021-11-27 00:00:00,0,2420,"1 بضاعة فاتورة رقم "
277,2021-11-29 00:00:00,2420,0,قيمة فاتورة 11/27
277,2021-12-16 00:00:00,0,860,"1 بضاعة فاتورة رقم "
277,2021-12-16 00:00:00,860,0,عدد 6 جالون فيلر مط 570 + 6 جالون فيبر 290
277,2021-12-20 00:00:00,0,2280,"1 بضاعة فاتورة رقم "
277,2021-12-20 00:00:00,2280,0,قيمة فاتورة ورنيش 50-60 عدد 12*190
277,2021-12-23 00:00:00,0,3600,"1 بضاعة فاتورة رقم "
277,2021-12-25 00:00:00,3600,0,قيمة رصيد الحساب
277,2022-01-08 00:00:00,0,6200,"1 بضاعة فاتورة رقم "
277,2022-01-08 00:00:00,3000,0,دفعة
277,2022-01-11 00:00:00,7000,0,دفعة من الحساب
277,2022-01-11 00:00:00,0,10800,"1 بضاعة فاتورة رقم "
277,2022-01-12 00:00:00,3000,0,دفعة من الحساب
277,2022-01-17 00:00:00,4000,0,قيمة الحساب
277,2022-03-07 00:00:00,0,10515,"1 بضاعة فاتورة رقم "
277,2022-03-07 00:00:00,10515,0,حساب
277,2022-03-22 00:00:00,0,4865.9,"1 بضاعة فاتورة رقم "
277,2023-06-03 00:00:00,1000,0,دفعة باقي 1630
277,2023-06-13 00:00:00,6000,0,دفعة
278,2021-11-29 00:00:00,0,48,"1 بضاعة فاتورة رقم "
278,2021-11-29 00:00:00,48,0,قيمة 16 فرخ صنفرة لصق
279,2021-11-29 00:00:00,0,100,"1 بضاعة فاتورة رقم "
279,2021-11-29 00:00:00,100,0,قيمة عدد 2 سير كورى pk مقاس 850
279,2021-12-04 00:00:00,0,1800,"2 بضاعة فاتورة رقم "
279,2021-12-04 00:00:00,1800,0,"قيمة 8 طقم بوجيهات هيونداى اصلى سن طويل "
279,2021-12-09 00:00:00,0,100,"6720 بضاعة فاتورة رقم "
279,2021-12-09 00:00:00,100,0,قيمة 4 فلتر زيت نيسان
279,2021-12-14 00:00:00,0,200,"1 بضاعة فاتورة رقم "
279,2021-12-14 00:00:00,200,0,فلتر هواء باسات
279,2021-12-22 00:00:00,0,2150,"1 بضاعة فاتورة رقم "
279,2021-12-22 00:00:00,2150,0,قيمة فاتورة 10 بوجيهات هيونداى اصلى سن طويل
279,2021-12-23 00:00:00,0,6675,"1 بضاعة فاتورة رقم "
279,2021-12-23 00:00:00,6675,0,قيمة الفاتورة
279,2021-12-27 00:00:00,0,250,"1021 بضاعة فاتورة رقم "
279,2021-12-27 00:00:00,250,0,قيمة 5 فلتر هيونداى كورى + 5 فلتر نيسان
279,2022-01-03 00:00:00,0,2150,"1 بضاعة فاتورة رقم "
279,2022-01-03 00:00:00,2150,0,قيمة فاتورة 10*215 طقم بوجيهات هيونداى اصلى سن طويل
279,2022-01-18 00:00:00,0,1600,"1 بضاعة فاتورة رقم "
279,2022-01-18 00:00:00,1600,0,مشتريات فلاتر
279,2022-01-18 00:00:00,0,300,"1 بضاعة فاتورة رقم "
279,2022-01-18 00:00:00,300,0,مشتريات جوانات
279,2022-02-02 00:00:00,0,120,"1 بضاعة فاتورة رقم "
279,2022-02-02 00:00:00,120,0,قيمة فاتورة 3 فلتر زيت فيات
279,2022-02-15 00:00:00,0,828,"1 بضاعة فاتورة رقم "
279,2022-02-15 00:00:00,828,0,قيمة فلاتر سكودا
279,2022-02-19 00:00:00,0,300,"1 بضاعة فاتورة رقم "
279,2022-02-19 00:00:00,300,0,طقم حساس ركن
279,2022-02-21 00:00:00,0,725,"1 بضاعة فاتورة رقم "
279,2022-02-21 00:00:00,725,0,قيمة فلاتر زيت
279,2022-02-24 00:00:00,0,250,"1 بضاعة فاتورة رقم "
279,2022-02-24 00:00:00,250,0,تيل فرامل امامى ام دى فوجيتا
279,2022-03-05 00:00:00,0,950,"1 بضاعة فاتورة رقم "
279,2022-03-05 00:00:00,950,0,قيمة بوجيهات اسيديلكو 16
279,2022-03-11 00:00:00,0,5100,"1 بضاعة فاتورة رقم "
281,2021-12-28 00:00:00,0,1010,"1 بضاعة فاتورة رقم "
281,2021-12-28 00:00:00,0,1825,"1 بضاعة فاتورة رقم "
281,2022-01-03 00:00:00,2835,0,دفعة
281,2022-01-20 00:00:00,0,825,"1 بضاعة فاتورة رقم "
281,2022-01-20 00:00:00,0,600,"1 بضاعة فاتورة رقم "
281,2022-01-24 00:00:00,1425,0,حساب مكة قطع غيار خاصة بمركز الصيانة
281,2022-01-31 00:00:00,0,43809,"1 بضاعة فاتورة رقم "
281,2022-01-31 00:00:00,10000,0,دفعة
281,2022-01-31 00:00:00,0,17941,"1 بضاعة فاتورة رقم "
281,2022-01-31 00:00:00,0,540,"1 بضاعة فاتورة رقم "
281,2022-02-07 00:00:00,5000,0,دفعة
281,2022-02-09 00:00:00,0,1165,"1 بضاعة فاتورة رقم "
281,2022-02-09 00:00:00,0,1325,"1 بضاعة فاتورة رقم "
281,2022-02-10 00:00:00,0,450,"1 بضاعة فاتورة رقم "
281,2022-02-10 00:00:00,0,600,"1 بضاعة فاتورة رقم "
281,2022-02-10 00:00:00,505,0,"1إرتجـاع فاتورة رقم "
281,2022-02-10 00:00:00,225,0,"1إرتجـاع فاتورة رقم "
281,2022-02-14 00:00:00,5000,0,دفعة
281,2022-02-17 00:00:00,0,1475,"1 بضاعة فاتورة رقم "
281,2022-02-19 00:00:00,0,1140,"1 بضاعة فاتورة رقم "
281,2022-02-19 00:00:00,0,400,"1 بضاعة فاتورة رقم "
281,2022-02-21 00:00:00,5000,0,دفعة
281,2022-02-21 00:00:00,0,700,"1 بضاعة فاتورة رقم "
281,2022-02-21 00:00:00,220,0,"1إرتجـاع فاتورة رقم "
281,2022-02-23 00:00:00,0,1575,"1 بضاعة فاتورة رقم "
281,2022-02-28 00:00:00,5000,0,دفعة
281,2022-03-02 00:00:00,0,2150,"1 بضاعة فاتورة رقم "
281,2022-03-03 00:00:00,0,200,"1 بضاعة فاتورة رقم "
281,2022-03-03 00:00:00,0,600,"1 بضاعة فاتورة رقم "
281,2022-03-07 00:00:00,5000,0,دفعة من الحساب
281,2022-03-09 00:00:00,0,545,"1 بضاعة فاتورة رقم "
281,2022-03-11 00:00:00,0,1000,"1 بضاعة فاتورة رقم "
281,2022-03-14 00:00:00,5000,0,
281,2022-03-22 00:00:00,5000,0,مكة الاسبوعي
281,2022-03-23 00:00:00,0,510,"1 بضاعة فاتورة رقم "
281,2022-03-24 00:00:00,0,270,"1 بضاعة فاتورة رقم "
281,2022-03-25 00:00:00,0,1100,"1 بضاعة فاتورة رقم "
281,2022-03-28 00:00:00,5000,0,
281,2022-03-28 00:00:00,0,540,"1 بضاعة فاتورة رقم "
281,2022-03-30 00:00:00,0,600,"1 بضاعة فاتورة رقم "
281,2022-03-30 00:00:00,0,510,"1 بضاعة فاتورة رقم "
281,2022-04-09 00:00:00,0,1275,"1 بضاعة فاتورة رقم "
281,2022-04-11 00:00:00,5000,0,
281,2022-04-14 00:00:00,0,70,"1 بضاعة فاتورة رقم "
281,2022-04-16 00:00:00,0,350,"1 بضاعة فاتورة رقم "
281,2022-04-18 00:00:00,5000,0,دفعة
281,2022-04-18 00:00:00,2790,0,دفعة
281,2022-04-21 00:00:00,0,875,"1 بضاعة فاتورة رقم "
281,2022-04-21 00:00:00,0,2565,"1 بضاعة فاتورة رقم "
281,2022-04-22 00:00:00,0,1850,"1 بضاعة فاتورة رقم "
281,2022-04-22 00:00:00,2565,0,"1إرتجـاع فاتورة رقم "
281,2022-04-25 00:00:00,5000,0,دفعة
281,2022-04-28 00:00:00,0,1550,"1 بضاعة فاتورة رقم "
281,2022-04-28 00:00:00,0,700,"1 بضاعة فاتورة رقم "
281,2022-04-28 00:00:00,0,950,"1 بضاعة فاتورة رقم "
281,2022-04-30 00:00:00,950,0,"1إرتجـاع فاتورة رقم "
281,2022-05-09 00:00:00,5000,0,دفعة
281,2022-05-10 00:00:00,0,310,"1 بضاعة فاتورة رقم "
281,2022-05-13 00:00:00,0,1600,"1 بضاعة فاتورة رقم "
281,2022-05-14 00:00:00,0,270,"1 بضاعة فاتورة رقم "
281,2022-05-16 00:00:00,5000,0,دفعة
281,2022-05-18 00:00:00,0,1185,"1 بضاعة فاتورة رقم "
281,2022-05-19 00:00:00,0,200,"1 بضاعة فاتورة رقم "
281,2022-05-20 00:00:00,0,650,"1 بضاعة فاتورة رقم "
281,2022-05-20 00:00:00,650,0,"1إرتجـاع فاتورة رقم "
281,2022-05-23 00:00:00,5000,0,دفعة
281,2022-05-24 00:00:00,0,300,"1 بضاعة فاتورة رقم "
281,2022-05-31 00:00:00,5000,0,دفعة
281,2022-05-31 00:00:00,0,2780,"1 بضاعة فاتورة رقم "
281,2022-06-06 00:00:00,5000,0,دفعة
281,2022-06-13 00:00:00,4920,0,دفعة
281,2022-06-23 00:00:00,0,33335.5,"1 بضاعة فاتورة رقم "
281,2022-06-27 00:00:00,5000,0,دفعة
281,2022-06-28 00:00:00,0,925,"249 بضاعة فاتورة رقم "
281,2022-06-29 00:00:00,0,130,"250 بضاعة فاتورة رقم "
281,2022-07-01 00:00:00,0,1850,"254 بضاعة فاتورة رقم "
281,2022-07-05 00:00:00,0,29355,"255 بضاعة فاتورة رقم "
281,2022-07-06 00:00:00,1850,0,"1إرتجـاع فاتورة رقم "
281,2022-07-06 00:00:00,0,375,"256 بضاعة فاتورة رقم "
281,2022-07-07 00:00:00,5000,0,دفعة
281,2022-07-22 00:00:00,0,2200,"258 بضاعة فاتورة رقم "
281,2022-07-25 00:00:00,5000,0,دفعة مكة
281,2022-07-25 00:00:00,0,1465,"259 بضاعة فاتورة رقم "
281,2022-07-28 00:00:00,0,640,"260 بضاعة فاتورة رقم "
281,2022-08-01 00:00:00,5000,0,دفعة
281,2022-08-04 00:00:00,0,1690,"262 بضاعة فاتورة رقم "
281,2022-08-08 00:00:00,5000,0,دفعة
281,2022-08-15 00:00:00,5000,0,دفعة
281,2022-08-16 00:00:00,0,285,"266 بضاعة فاتورة رقم "
281,2022-08-19 00:00:00,0,850,"267 بضاعة فاتورة رقم "
281,2022-08-22 00:00:00,5000,0,دفعة
281,2022-08-23 00:00:00,0,1110,"268 بضاعة فاتورة رقم "
281,2022-08-25 00:00:00,0,350,"270 بضاعة فاتورة رقم "
281,2022-08-25 00:00:00,0,2050,"271 بضاعة فاتورة رقم "
281,2022-08-29 00:00:00,5000,0,دفعة
281,2022-09-02 00:00:00,0,1360,"272 بضاعة فاتورة رقم "
281,2022-09-03 00:00:00,0,850,"273 بضاعة فاتورة رقم "
281,2022-09-06 00:00:00,0,480,"274 بضاعة فاتورة رقم "
281,2022-09-06 00:00:00,0,700,"275 بضاعة فاتورة رقم "
281,2022-09-06 00:00:00,5000,0,دفعة مكة
281,2022-09-12 00:00:00,5000,0,دفعة
281,2022-09-13 00:00:00,0,660,"276 بضاعة فاتورة رقم "
281,2022-09-16 00:00:00,0,1320,"278 بضاعة فاتورة رقم "
281,2022-09-19 00:00:00,5000,0,دفعة
281,2022-09-19 00:00:00,0,175,"280 بضاعة فاتورة رقم "
281,2022-09-20 00:00:00,0,1275,"281 بضاعة فاتورة رقم "
281,2022-09-21 00:00:00,0,300,"283 بضاعة فاتورة رقم "
281,2022-09-27 00:00:00,5000,0,دفعة
281,2022-09-29 00:00:00,0,525,"288 بضاعة فاتورة رقم "
281,2022-09-30 00:00:00,0,450,"289 بضاعة فاتورة رقم "
281,2022-10-04 00:00:00,5000,0,"دفعة مكة "
281,2022-10-06 00:00:00,0,3585,"295 بضاعة فاتورة رقم "
281,2022-10-10 00:00:00,5000,0,دفعة
281,2022-10-10 00:00:00,0,140,"298 بضاعة فاتورة رقم "
281,2022-10-17 00:00:00,5000,0,دفعة
281,2022-10-19 00:00:00,0,900,"304 بضاعة فاتورة رقم "
281,2022-10-19 00:00:00,0,555,"305 بضاعة فاتورة رقم "
281,2022-10-24 00:00:00,0,650,"307 بضاعة فاتورة رقم "
281,2022-10-26 00:00:00,5000,0,دفعة
281,2022-10-31 00:00:00,0,3450,"309 بضاعة فاتورة رقم "
281,2022-11-03 00:00:00,5000,0,دفعة
281,2022-11-09 00:00:00,0,280,"315 بضاعة فاتورة رقم "
281,2022-11-14 00:00:00,5000,0,دفعة
281,2022-11-19 00:00:00,0,1225,"319 بضاعة فاتورة رقم "
281,2022-11-21 00:00:00,0,1225,"320 بضاعة فاتورة رقم "
281,2022-11-22 00:00:00,3640,0,دفعة مكة
281,2022-11-26 00:00:00,0,900,"324 بضاعة فاتورة رقم "
281,2022-12-02 00:00:00,0,600,"328 بضاعة فاتورة رقم "
281,2022-12-05 00:00:00,2725,0,دفعة
281,2022-12-09 00:00:00,0,370,"336 بضاعة فاتورة رقم "
281,2022-12-16 00:00:00,0,700,"340 بضاعة فاتورة رقم "
281,2022-12-29 00:00:00,0,425,"348 بضاعة فاتورة رقم "
281,2023-01-02 00:00:00,0,8260,"352 بضاعة فاتورة رقم "
281,2023-01-02 00:00:00,2075,0,دفعة
281,2023-01-10 00:00:00,4445,0,دفعة من ح/ مكة
281,2023-02-01 00:00:00,0,650,"364 بضاعة فاتورة رقم "
281,2023-02-02 00:00:00,0,700,"365 بضاعة فاتورة رقم "
281,2023-02-08 00:00:00,0,450,"369 بضاعة فاتورة رقم "
281,2023-03-09 00:00:00,550,0,"1إرتجـاع فاتورة رقم "
281,2023-03-29 00:00:00,0,550,"399 بضاعة فاتورة رقم "
281,2023-03-29 00:00:00,5000,0,دفعة
281,2023-03-30 00:00:00,0,1500,"400 بضاعة فاتورة رقم "
282,2021-12-31 00:00:00,0,850,"2342 بضاعة فاتورة رقم "
282,2022-01-07 00:00:00,850,0,باقى الحساب
282,2022-01-21 00:00:00,0,3460,"1 بضاعة فاتورة رقم "
282,2022-01-21 00:00:00,1000,0,دفعة
282,2022-02-04 00:00:00,500,0,دفعة من الحساب
282,2022-02-11 00:00:00,500,0,دفعة
282,2022-02-25 00:00:00,0,7060,"1 بضاعة فاتورة رقم "
282,2022-02-25 00:00:00,2000,0,دفعة
282,2022-03-04 00:00:00,1020,0,دفعة
282,2022-03-11 00:00:00,1000,0,
282,2022-03-18 00:00:00,500,0,
282,2022-03-25 00:00:00,500,0,
282,2022-04-01 00:00:00,500,0,
282,2022-04-22 00:00:00,500,0,دفعة
282,2022-05-13 00:00:00,500,0,دفعة
282,2022-06-03 00:00:00,500,0,دفعة
282,2022-06-10 00:00:00,500,0,دفعة
282,2022-06-24 00:00:00,500,0,الدفعة الاخيرة القلشوطى
284,2022-03-15 00:00:00,0,18500,"1 بضاعة فاتورة رقم "
284,2022-03-15 00:00:00,18500,0,
285,2022-05-24 00:00:00,0,2032,"1 بضاعة فاتورة رقم "
285,2022-05-25 00:00:00,0,500,"1 بضاعة فاتورة رقم "
285,2022-05-25 00:00:00,500,0,فاتورة كابسي صنفرة
285,2022-06-03 00:00:00,0,1120,"1 بضاعة فاتورة رقم "
285,2022-06-03 00:00:00,1120,0,حساب مشتريات قطع غيار BYD
285,2022-06-07 00:00:00,0,976,"1 بضاعة فاتورة رقم "
285,2022-06-07 00:00:00,975,0,فاتورة زيت 3000
285,2022-06-23 00:00:00,0,3600,"1 بضاعة فاتورة رقم "
285,2022-06-23 00:00:00,3600,0,فاتورة زيت فتيس
285,2022-06-23 00:00:00,0,1400,"1 بضاعة فاتورة رقم "
285,2022-06-25 00:00:00,0,2100,"1 بضاعة فاتورة رقم "
285,2022-06-27 00:00:00,3500,0,حساب فاتورة كابسي بويات
285,2022-06-27 00:00:00,0,5760,"247 بضاعة فاتورة رقم "
285,2022-06-27 00:00:00,5760,0,فاتورة زيت فتيس ديكسون
285,2022-06-27 00:00:00,0,2160,"248 بضاعة فاتورة رقم "
285,2022-06-27 00:00:00,2160,0,فاتورة العباسي للبويات
285,2022-08-02 00:00:00,0,1375,"261 بضاعة فاتورة رقم "
285,2022-08-02 00:00:00,1375,0,فاتورة كابس دهانات
285,2022-08-09 00:00:00,0,14280,"263 بضاعة فاتورة رقم "
285,2022-08-09 00:00:00,14280,0,فاتورة زيت فتيس
285,2022-08-09 00:00:00,0,625,"264 بضاعة فاتورة رقم "
285,2022-08-09 00:00:00,625,0,فاتورة علبة تنظيف بيئة
285,2022-08-24 00:00:00,0,6480,"269 بضاعة فاتورة رقم "
285,2022-08-24 00:00:00,6480,0,زيت فتيس المانى
285,2022-09-14 00:00:00,0,8750,"277 بضاعة فاتورة رقم "
285,2022-09-14 00:00:00,8750,0,فاتورة مباين
285,2022-09-20 00:00:00,0,5376,"282 بضاعة فاتورة رقم "
285,2022-09-24 00:00:00,0,6900,"284 بضاعة فاتورة رقم "
285,2022-09-27 00:00:00,6900,0,فاتورة كابسي
285,2022-09-28 00:00:00,0,550,"285 بضاعة فاتورة رقم "
285,2022-09-28 00:00:00,550,0,فاتورة فلاتر زيت
285,2022-09-29 00:00:00,0,1765,"287 بضاعة فاتورة رقم "
285,2022-09-29 00:00:00,1765,0,فاتورة فلاتر زيت
285,2022-10-03 00:00:00,0,2705,"290 بضاعة فاتورة رقم "
285,2022-10-03 00:00:00,2705,0,فاتورة كابسي
285,2022-10-04 00:00:00,0,1600,"292 بضاعة فاتورة رقم "
285,2022-10-04 00:00:00,1600,0,فاتورة كابسي تنر فرن
285,2022-10-15 00:00:00,0,6066.4,"301 بضاعة فاتورة رقم "
285,2022-10-17 00:00:00,6066.4,0,"1إرتجـاع فاتورة رقم "
285,2022-10-31 00:00:00,0,13480,"308 بضاعة فاتورة رقم "
285,2022-10-31 00:00:00,13480,0,فاتورة زيت فتيس
285,2022-11-01 00:00:00,0,3400,"310 بضاعة فاتورة رقم "
285,2022-11-01 00:00:00,3400,0,كرتونة زيت 10000
285,2022-11-03 00:00:00,0,6820,"311 بضاعة فاتورة رقم "
285,2022-11-03 00:00:00,6820,0,فاتورة مانول
285,2022-11-03 00:00:00,0,1764,"312 بضاعة فاتورة رقم "
285,2022-11-07 00:00:00,0,866.8,"313 بضاعة فاتورة رقم "
285,2022-11-08 00:00:00,0,2362,"314 بضاعة فاتورة رقم "
285,2022-11-09 00:00:00,2000,0,دفعة من فاتورة كابسي
285,2022-11-11 00:00:00,0,12000,"316 بضاعة فاتورة رقم "
285,2022-11-16 00:00:00,0,1595,"317 بضاعة فاتورة رقم "
285,2022-11-22 00:00:00,0,7960,"321 بضاعة فاتورة رقم "
285,2022-11-23 00:00:00,0,17000,"322 بضاعة فاتورة رقم "
285,2022-11-23 00:00:00,21300,0,زيت مانول
285,2022-11-25 00:00:00,0,10192,"323 بضاعة فاتورة رقم "
285,2022-11-25 00:00:00,10200,0,فاتورة زيت شل زيزو
285,2022-11-26 00:00:00,0,1500,"326 بضاعة فاتورة رقم "
285,2022-11-26 00:00:00,1500,0,حساب بوجيهات حسين قطع غيار
285,2022-11-30 00:00:00,0,1140,"327 بضاعة فاتورة رقم "
285,2022-11-30 00:00:00,1140,0,زيت شل 3000
285,2022-12-03 00:00:00,0,1700,"330 بضاعة فاتورة رقم "
285,2022-12-03 00:00:00,1700,0,فاتورة كابسي
285,2022-12-08 00:00:00,0,6480,"334 بضاعة فاتورة رقم "
285,2022-12-08 00:00:00,0,4600,"335 بضاعة فاتورة رقم "
285,2022-12-08 00:00:00,4600,0,فاتورة زيت فتيس مانول
285,2022-12-08 00:00:00,6480,0,فاتورة كابسي
285,2022-12-16 00:00:00,61520,0,فاتورة زيت شل  زيزو
285,2022-12-22 00:00:00,0,48800,"342 بضاعة فاتورة رقم "
285,2022-12-22 00:00:00,48800,0,فاتورة زيت شل
285,2022-12-27 00:00:00,0,6960,"345 بضاعة فاتورة رقم "
285,2022-12-27 00:00:00,6960,0,فاتورة كابسي
285,2022-12-27 00:00:00,0,450,"346 بضاعة فاتورة رقم "
285,2022-12-27 00:00:00,450,0,"ورق جرايد "
285,2022-12-29 00:00:00,0,2710,"347 بضاعة فاتورة رقم "
285,2023-01-11 00:00:00,600,0,فاتورة زيت باور 1لتر
285,2023-01-23 00:00:00,0,14040,"360 بضاعة فاتورة رقم "
285,2023-01-23 00:00:00,14040,0,فاتورة زيت فتيس  اس بى 3
285,2023-01-25 00:00:00,0,1940,"361 بضاعة فاتورة رقم "
285,2023-01-25 00:00:00,1940,0,فاتورة كابسي
285,2023-01-30 00:00:00,0,9900,"362 بضاعة فاتورة رقم "
285,2023-01-30 00:00:00,9900,0,فاتورة ورنيش كابسي
285,2023-02-14 00:00:00,0,4248,"372 بضاعة فاتورة رقم "
285,2023-02-14 00:00:00,4250,0,5كرتونة بكر لصق بلال
285,2023-02-15 00:00:00,0,2604,"373 بضاعة فاتورة رقم "
285,2023-02-15 00:00:00,2610,0,فاتورة كابسي
285,2023-02-28 00:00:00,0,3410,"378 بضاعة فاتورة رقم "
285,2023-03-07 00:00:00,0,7800,"382 بضاعة فاتورة رقم "
285,2023-03-07 00:00:00,7800,0,3اسطوانة طيبة 134
285,2023-03-08 00:00:00,0,1340,"383 بضاعة فاتورة رقم "
285,2023-03-08 00:00:00,1340,0,كرتونة زيت 3000
285,2023-03-09 00:00:00,0,9900,"387 بضاعة فاتورة رقم "
285,2023-03-09 00:00:00,5000,0,دفعة
285,2023-03-09 00:00:00,0,2680,"388 بضاعة فاتورة رقم "
285,2023-03-09 00:00:00,2680,0,فاتورة زيت شل 3000
285,2023-03-09 00:00:00,0,550,"389 بضاعة فاتورة رقم "
285,2023-03-09 00:00:00,550,0,"1إرتجـاع فاتورة رقم "
285,2023-03-10 00:00:00,0,2680,"390 بضاعة فاتورة رقم "
285,2023-03-10 00:00:00,2680,0,فاتورة شل 3000
285,2023-03-20 00:00:00,0,1920,"394 بضاعة فاتورة رقم "
285,2023-03-20 00:00:00,1920,0,فاتورة نعيم صليب
285,2023-03-22 00:00:00,0,12340,"395 بضاعة فاتورة رقم "
285,2023-03-22 00:00:00,6555,0,فاتورة كابسي
285,2023-03-22 00:00:00,12340,0,فاتورة زيت مانول
285,2023-04-05 00:00:00,0,1475,"402 بضاعة فاتورة رقم "
285,2023-04-05 00:00:00,1475,0,فاتورة ابر تكيف
285,2023-04-06 00:00:00,0,2500,"404 بضاعة فاتورة رقم "
285,2023-04-06 00:00:00,2500,0,سيليكون عضم
285,2023-04-08 00:00:00,0,6555,"396 بضاعة فاتورة رقم "
285,2023-04-13 00:00:00,0,9420,"407 بضاعة فاتورة رقم "
285,2023-04-13 00:00:00,8950,0,فاتورة كانسلر زيت فتيس
285,2023-04-19 00:00:00,0,6000,"409 بضاعة فاتورة رقم "
285,2023-04-19 00:00:00,6000,0,فاتورة فلاتر زيت
285,2023-04-19 00:00:00,0,14500,"410 بضاعة فاتورة رقم "
285,2023-04-19 00:00:00,14500,0,5اسطوانة تكيف
285,2023-05-03 00:00:00,0,4720.8,"413 بضاعة فاتورة رقم "
285,2023-05-03 00:00:00,4720,0,فاتورة كابسي
285,2023-05-09 00:00:00,0,6450,"414 بضاعة فاتورة رقم "
285,2023-05-09 00:00:00,6450,0,فاتورة كابسي
285,2023-05-10 00:00:00,0,1950,"415 بضاعة فاتورة رقم "
285,2023-05-19 00:00:00,0,8900,"419 بضاعة فاتورة رقم "
285,2023-05-19 00:00:00,8900,0,فاتورة مباين
285,2023-05-26 00:00:00,0,82704,"421 بضاعة فاتورة رقم "
285,2023-06-01 00:00:00,0,2630,"427 بضاعة فاتورة رقم "
285,2023-06-12 00:00:00,0,5400,"433 بضاعة فاتورة رقم "
285,2023-06-12 00:00:00,5400,0,فاتورة زيت فتيس كانسلر
285,2023-06-14 00:00:00,0,7545,"434 بضاعة فاتورة رقم "
285,2023-06-15 00:00:00,0,3480,"438 بضاعة فاتورة رقم "
285,2023-06-15 00:00:00,0,3555,"436 بضاعة فاتورة رقم "
285,2023-06-17 00:00:00,0,3945,"444 بضاعة فاتورة رقم "
285,2023-06-17 00:00:00,0,6200,"442 بضاعة فاتورة رقم "
285,2023-06-17 00:00:00,0,8124,"443 بضاعة فاتورة رقم "
285,2023-06-17 00:00:00,5000,0,دفعة فلاتر وباقى 3125ج
285,2023-06-17 00:00:00,6200,0,فاتورة زيت فتيس
285,2023-06-23 00:00:00,0,4380,"447 بضاعة فاتورة رقم "
285,2023-07-08 00:00:00,0,1000,"450 بضاعة فاتورة رقم "
285,2023-07-13 00:00:00,0,25480,"453 بضاعة فاتورة رقم "
285,2023-07-13 00:00:00,0,2545,"454 بضاعة فاتورة رقم "
285,2023-07-20 00:00:00,0,6980,"457 بضاعة فاتورة رقم "
285,2023-07-27 00:00:00,0,25700,"460 بضاعة فاتورة رقم "
285,2023-08-01 00:00:00,0,23000,"463 بضاعة فاتورة رقم "
285,2023-08-08 00:00:00,0,2440,"465 بضاعة فاتورة رقم "
285,2023-08-21 00:00:00,0,2331,"471 بضاعة فاتورة رقم "
285,2023-08-30 00:00:00,0,6100,"474 بضاعة فاتورة رقم "
285,2023-08-31 00:00:00,0,9000,"475 بضاعة فاتورة رقم "
285,2023-08-31 00:00:00,0,7500,"476 بضاعة فاتورة رقم "
285,2023-09-02 00:00:00,0,31000,"477 بضاعة فاتورة رقم "
285,2023-09-14 00:00:00,0,2975,"483 بضاعة فاتورة رقم "
285,2023-09-14 00:00:00,2975,0,فاتورة كابسي بويات
285,2023-09-16 00:00:00,0,7440,"486 بضاعة فاتورة رقم "
285,2023-09-16 00:00:00,7440,0,زيت فتيس
285,2023-09-19 00:00:00,0,28000,"487 بضاعة فاتورة رقم "
285,2023-09-20 00:00:00,0,6600,"488 بضاعة فاتورة رقم "
285,2023-09-20 00:00:00,0,16590,"489 بضاعة فاتورة رقم "
285,2023-09-20 00:00:00,0,3800,"490 بضاعة فاتورة رقم "
285,2023-09-27 00:00:00,0,12750,"493 بضاعة فاتورة رقم "
285,2023-09-30 00:00:00,0,1220,"496 بضاعة فاتورة رقم "
285,2023-10-17 00:00:00,0,5900,"501 بضاعة فاتورة رقم "
285,2023-10-17 00:00:00,0,43200,"502 بضاعة فاتورة رقم "
285,2023-10-19 00:00:00,0,6275,"504 بضاعة فاتورة رقم "
285,2023-10-28 00:00:00,0,25780,"507 بضاعة فاتورة رقم "
285,2023-10-31 00:00:00,0,17040,"511 بضاعة فاتورة رقم "
285,2023-11-04 00:00:00,0,55000,"514 بضاعة فاتورة رقم "
285,2023-11-22 00:00:00,0,2820,"522 بضاعة فاتورة رقم "
285,2023-11-24 00:00:00,0,14500,"524 بضاعة فاتورة رقم "
285,2023-11-28 00:00:00,0,23300,"526 بضاعة فاتورة رقم "
285,2023-11-30 00:00:00,0,38000,"529 بضاعة فاتورة رقم "
285,2023-12-02 00:00:00,0,10320,"530 بضاعة فاتورة رقم "
285,2023-12-11 00:00:00,0,8500,"535 بضاعة فاتورة رقم "
285,2023-12-11 00:00:00,8500,0,خامات دوكو
285,2023-12-14 00:00:00,0,16280,"536 بضاعة فاتورة رقم "
285,2023-12-15 00:00:00,0,2991.6,"537 بضاعة فاتورة رقم "
285,2023-12-16 00:00:00,0,2450,"539 بضاعة فاتورة رقم "
285,2023-12-26 00:00:00,0,3900,"544 بضاعة فاتورة رقم "
285,2023-12-30 00:00:00,570117,0,ح/ نقدى
285,2024-01-24 00:00:00,0,19960,"556 بضاعة فاتورة رقم "
285,2024-01-27 00:00:00,0,58480,"557 بضاعة فاتورة رقم "
285,2024-02-12 00:00:00,0,14800,"562 بضاعة فاتورة رقم "
285,2024-02-24 00:00:00,0,54000,"567 بضاعة فاتورة رقم "
285,2024-02-27 00:00:00,0,32800,"569 بضاعة فاتورة رقم "
285,2024-02-29 00:00:00,0,28500,"571 بضاعة فاتورة رقم "
285,2024-02-29 00:00:00,28500,0,زيت شل
285,2024-03-08 00:00:00,0,30000,"573 بضاعة فاتورة رقم "
285,2024-03-09 00:00:00,0,9100,"574 بضاعة فاتورة رقم "
285,2024-03-31 00:00:00,0,2625,"581 بضاعة فاتورة رقم "
285,2024-04-25 00:00:00,0,15600,"588 بضاعة فاتورة رقم "
285,2024-05-03 00:00:00,0,13330,"591 بضاعة فاتورة رقم "
285,2024-05-15 00:00:00,0,27000,"595 بضاعة فاتورة رقم "
285,2024-05-21 00:00:00,0,24300,"596 بضاعة فاتورة رقم "
285,2024-05-27 00:00:00,0,985,"597 بضاعة فاتورة رقم "
285,2024-05-27 00:00:00,0,19920,"598 بضاعة فاتورة رقم "
285,2024-05-29 00:00:00,0,18600,"600 بضاعة فاتورة رقم "
285,2024-06-08 00:00:00,0,41600,"602 بضاعة فاتورة رقم "
285,2024-07-10 00:00:00,0,15600,"607 بضاعة فاتورة رقم "
285,2024-07-10 00:00:00,0,15000,"608 بضاعة فاتورة رقم "
285,2024-07-13 00:00:00,0,9100,"611 بضاعة فاتورة رقم "
285,2024-09-09 00:00:00,0,32900,"627 بضاعة فاتورة رقم "
285,2024-09-17 00:00:00,0,24730,"628 بضاعة فاتورة رقم "
285,2024-09-17 00:00:00,0,15150,"629 بضاعة فاتورة رقم "
285,2024-10-22 00:00:00,0,33590,"638 بضاعة فاتورة رقم "
285,2024-11-25 00:00:00,0,25400,"648 بضاعة فاتورة رقم "
285,2024-11-30 00:00:00,0,9100,"649 بضاعة فاتورة رقم "
285,2025-01-16 00:00:00,0,27440,"658 بضاعة فاتورة رقم "
285,2025-01-16 00:00:00,0,37000,"659 بضاعة فاتورة رقم "
285,2025-01-16 00:00:00,0,53750,"660 بضاعة فاتورة رقم "
285,2025-01-24 00:00:00,0,30250,"664 بضاعة فاتورة رقم "
285,2025-01-31 00:00:00,0,32110,"669 بضاعة فاتورة رقم "
285,2025-02-14 00:00:00,0,40000,"674 بضاعة فاتورة رقم "
285,2025-02-15 00:00:00,0,3640,"675 بضاعة فاتورة رقم "
285,2025-02-25 00:00:00,0,4920,"679 بضاعة فاتورة رقم "
285,2025-02-25 00:00:00,0,2500,"680 بضاعة فاتورة رقم "
285,2025-02-26 00:00:00,0,22280,"683 بضاعة فاتورة رقم "
285,2025-04-14 00:00:00,0,9100,"692 بضاعة فاتورة رقم "
285,2025-04-14 00:00:00,0,4825,"694 بضاعة فاتورة رقم "
285,2025-04-14 00:00:00,0,3575,"695 بضاعة فاتورة رقم "
285,2025-04-17 00:00:00,0,27000,"697 بضاعة فاتورة رقم "
285,2025-04-23 00:00:00,0,5400,"700 بضاعة فاتورة رقم "
285,2025-04-29 00:00:00,0,76000,"704 بضاعة فاتورة رقم "
285,2025-05-10 00:00:00,0,5200,"710 بضاعة فاتورة رقم "
285,2025-05-14 00:00:00,0,4200,"713 بضاعة فاتورة رقم "
285,2025-05-17 00:00:00,0,10920,"716 بضاعة فاتورة رقم "
285,2025-05-22 00:00:00,0,27940,"719 بضاعة فاتورة رقم "
285,2025-05-29 00:00:00,0,1200,"721 بضاعة فاتورة رقم "
285,2025-06-28 00:00:00,0,6490,"734 بضاعة فاتورة رقم "
285,2025-06-30 00:00:00,0,10920,"735 بضاعة فاتورة رقم "
285,2025-07-10 00:00:00,0,129200,"738 بضاعة فاتورة رقم "
285,2025-07-23 00:00:00,0,10920,"743 بضاعة فاتورة رقم "
285,2025-07-23 00:00:00,0,27500,"744 بضاعة فاتورة رقم "
285,2025-07-25 00:00:00,0,11050,"746 بضاعة فاتورة رقم "
285,2025-07-30 00:00:00,0,26180,"747 بضاعة فاتورة رقم "
285,2025-08-01 00:00:00,0,5655,"748 بضاعة فاتورة رقم "
285,2025-08-18 00:00:00,0,39500,"754 بضاعة فاتورة رقم "
285,2025-08-26 00:00:00,0,34634,"756 بضاعة فاتورة رقم "
285,2025-09-11 00:00:00,0,10920,"763 بضاعة فاتورة رقم "
285,2025-10-02 00:00:00,0,19000,"770 بضاعة فاتورة رقم "
285,2025-10-13 00:00:00,0,43900,"774 بضاعة فاتورة رقم "
285,2025-10-16 00:00:00,0,1800,"776 بضاعة فاتورة رقم "
285,2025-11-15 00:00:00,0,32800,"783 بضاعة فاتورة رقم "
285,2025-11-24 00:00:00,0,9100,"787 بضاعة فاتورة رقم "
285,2025-12-26 00:00:00,0,36900,"798 بضاعة فاتورة رقم "
285,2025-12-27 00:00:00,0,26000,"799 بضاعة فاتورة رقم "
285,2026-01-01 00:00:00,0,25400,"802 بضاعة فاتورة رقم "
285,2026-01-06 00:00:00,0,17400,"805 بضاعة فاتورة رقم "
285,2026-03-02 00:00:00,0,28500,"826 بضاعة فاتورة رقم "
285,2026-03-03 00:00:00,0,5460,"827 بضاعة فاتورة رقم "
285,2026-03-03 00:00:00,0,4020,"828 بضاعة فاتورة رقم "
285,2026-03-10 00:00:00,0,22490,"832 بضاعة فاتورة رقم "
285,2026-03-10 00:00:00,22490,0,بضاعة فرع العاشر
285,2026-04-11 00:00:00,0,53200,"840 بضاعة فاتورة رقم "
285,2026-04-18 00:00:00,0,15200,"845 بضاعة فاتورة رقم "
286,2022-05-31 00:00:00,0,24500,"1 بضاعة فاتورة رقم "
286,2022-05-31 00:00:00,10000,0,دفعة
286,2022-06-08 00:00:00,14500,0,دفعة
286,2022-06-10 00:00:00,0,22000,"1 بضاعة فاتورة رقم "
286,2022-06-10 00:00:00,10000,0,دفعة
286,2022-06-17 00:00:00,10000,0,دفعة
286,2022-07-02 00:00:00,9500,0,"حساب زيزو "
286,2022-07-07 00:00:00,0,48200,"257 بضاعة فاتورة رقم "
286,2022-07-07 00:00:00,32300,0,دفعة
286,2022-07-23 00:00:00,5000,0,دفعة يوم 7-7
286,2022-08-04 00:00:00,8000,0,دفعة
286,2022-12-03 00:00:00,0,34000,"329 بضاعة فاتورة رقم "
286,2022-12-03 00:00:00,34000,0,فاتورة زيت 10000 شل
286,2022-12-05 00:00:00,0,6300,"331 بضاعة فاتورة رقم "
286,2022-12-05 00:00:00,6300,0,حساب زيت 5000
286,2022-12-05 00:00:00,0,5600,"332 بضاعة فاتورة رقم "
286,2023-01-06 00:00:00,0,19000,"355 بضاعة فاتورة رقم "
286,2023-01-06 00:00:00,19000,0,فاتورة زيت شل 10000
286,2023-01-30 00:00:00,0,35000,"363 بضاعة فاتورة رقم "
286,2023-01-30 00:00:00,18000,0,فاتورة زيت شل
286,2023-03-22 00:00:00,9000,0,دفعة زيزو
286,2023-04-05 00:00:00,0,24000,"397 بضاعة فاتورة رقم "
286,2023-04-05 00:00:00,0,48200,"403 بضاعة فاتورة رقم "
286,2023-04-05 00:00:00,21000,0,دفعة زيزو
286,2023-06-08 00:00:00,0,13748,"431 بضاعة فاتورة رقم "
286,2023-06-17 00:00:00,5000,0,دفعة زيزو
286,2023-07-13 00:00:00,0,51000,"452 بضاعة فاتورة رقم "
287,2022-06-30 00:00:00,0,1299.6,"252 بضاعة فاتورة رقم "
287,2022-06-30 00:00:00,1300,0,حساب فاتورة العباسي
287,2022-06-30 00:00:00,0,648,"253 بضاعة فاتورة رقم "
287,2022-06-30 00:00:00,650,0,فاتورة العباسي بويات
288,2022-09-29 00:00:00,0,3810,"286 بضاعة فاتورة رقم "
288,2022-09-29 00:00:00,1000,0,دفعة
288,2022-10-03 00:00:00,0,5300,"291 بضاعة فاتورة رقم "
288,2022-10-04 00:00:00,5000,0,دفعة حسين قطع غيار
288,2022-10-04 00:00:00,0,690,"293 بضاعة فاتورة رقم "
288,2022-10-05 00:00:00,40,0,"1إرتجـاع فاتورة رقم "
288,2022-10-05 00:00:00,0,5827,"294 بضاعة فاتورة رقم "
288,2022-10-06 00:00:00,3750,0,"1إرتجـاع فاتورة رقم "
288,2022-10-07 00:00:00,2000,0,دفعة
288,2022-10-07 00:00:00,0,1910,"296 بضاعة فاتورة رقم "
288,2022-10-07 00:00:00,0,560,"297 بضاعة فاتورة رقم "
288,2022-10-11 00:00:00,0,3225,"300 بضاعة فاتورة رقم "
288,2022-10-11 00:00:00,2000,0,دفعة
288,2022-10-17 00:00:00,0,2750,"302 بضاعة فاتورة رقم "
288,2022-10-17 00:00:00,1000,0,دفعة
288,2022-10-19 00:00:00,500,0,دفعة
288,2022-10-21 00:00:00,0,1655,"306 بضاعة فاتورة رقم "
288,2022-10-21 00:00:00,1000,0,دفعة
288,2022-10-29 00:00:00,1000,0,دفعة
288,2022-11-01 00:00:00,1000,0,دفعة
288,2022-11-14 00:00:00,1437,0,دفعة
288,2022-11-17 00:00:00,2000,0,دفعة
288,2022-11-17 00:00:00,0,720,"318 بضاعة فاتورة رقم "
288,2022-11-26 00:00:00,0,3050,"325 بضاعة فاتورة رقم "
288,2022-12-02 00:00:00,2000,0,دفعة
288,2022-12-06 00:00:00,0,2700,"333 بضاعة فاتورة رقم "
288,2022-12-06 00:00:00,2700,0,فاتورة 15طقم بوجيهات
288,2022-12-10 00:00:00,0,2540,"337 بضاعة فاتورة رقم "
288,2022-12-10 00:00:00,3000,0,دفعة
288,2022-12-13 00:00:00,0,2510,"338 بضاعة فاتورة رقم "
288,2022-12-13 00:00:00,3000,0,دفعة
288,2022-12-13 00:00:00,0,5570,"339 بضاعة فاتورة رقم "
288,2022-12-22 00:00:00,0,7184,"343 بضاعة فاتورة رقم "
288,2022-12-22 00:00:00,5000,0,"دفعة حسين "
288,2022-12-22 00:00:00,0,7675,"344 بضاعة فاتورة رقم "
288,2022-12-29 00:00:00,0,5300,"349 بضاعة فاتورة رقم "
288,2022-12-29 00:00:00,5000,0,دفعة
288,2022-12-30 00:00:00,0,2500,"350 بضاعة فاتورة رقم "
288,2023-01-03 00:00:00,0,2000,"353 بضاعة فاتورة رقم "
288,2023-01-03 00:00:00,2000,0,دفعة
288,2023-01-06 00:00:00,0,5100,"354 بضاعة فاتورة رقم "
288,2023-01-06 00:00:00,3000,0,دفعة
288,2023-01-11 00:00:00,0,5675,"357 بضاعة فاتورة رقم "
288,2023-01-11 00:00:00,10000,0,دفعة
288,2023-01-14 00:00:00,0,3645,"358 بضاعة فاتورة رقم "
288,2023-01-21 00:00:00,2000,0,دفعة
288,2023-01-28 00:00:00,3000,0,دفعة
288,2023-02-01 00:00:00,0,1370,"359 بضاعة فاتورة رقم "
288,2023-02-02 00:00:00,0,5025,"366 بضاعة فاتورة رقم "
288,2023-02-02 00:00:00,3000,0,دفعة
288,2023-02-04 00:00:00,750,0,"1إرتجـاع فاتورة رقم "
288,2023-02-04 00:00:00,0,5140,"367 بضاعة فاتورة رقم "
288,2023-02-07 00:00:00,0,2920,"368 بضاعة فاتورة رقم "
288,2023-02-07 00:00:00,5000,0,دفعة
288,2023-02-09 00:00:00,0,7410,"370 بضاعة فاتورة رقم "
288,2023-02-09 00:00:00,5000,0,دفعة
288,2023-02-13 00:00:00,4000,0,دفعة
288,2023-02-18 00:00:00,0,8365,"374 بضاعة فاتورة رقم "
288,2023-02-18 00:00:00,5000,0,دفعة
288,2023-02-21 00:00:00,0,12240,"371 بضاعة فاتورة رقم "
288,2023-02-21 00:00:00,0,9160,"375 بضاعة فاتورة رقم "
288,2023-02-23 00:00:00,10000,0,دفعة
288,2023-02-24 00:00:00,0,8910.2,"376 بضاعة فاتورة رقم "
288,2023-03-03 00:00:00,0,5100,"380 بضاعة فاتورة رقم "
288,2023-03-03 00:00:00,800,0,"1إرتجـاع فاتورة رقم "
288,2023-03-03 00:00:00,5000,0,دفعة
288,2023-03-04 00:00:00,0,25560,"381 بضاعة فاتورة رقم "
288,2023-03-04 00:00:00,25560,0,دفعة
288,2023-03-09 00:00:00,0,1000,"384 بضاعة فاتورة رقم "
288,2023-03-09 00:00:00,3000,0,دفعة
288,2023-03-09 00:00:00,0,780,"385 بضاعة فاتورة رقم "
288,2023-03-09 00:00:00,0,900,"386 بضاعة فاتورة رقم "
288,2023-03-14 00:00:00,0,6075,"391 بضاعة فاتورة رقم "
288,2023-03-16 00:00:00,0,4845,"392 بضاعة فاتورة رقم "
288,2023-03-16 00:00:00,5335,0,دفعة +جركن زيت3000
288,2023-03-31 00:00:00,960,0,"1إرتجـاع فاتورة رقم "
288,2023-03-31 00:00:00,5000,0,دفعة
288,2023-04-03 00:00:00,0,3170,"401 بضاعة فاتورة رقم "
288,2023-04-07 00:00:00,0,5775,"405 بضاعة فاتورة رقم "
288,2023-04-07 00:00:00,5000,0,دفعة
288,2023-04-10 00:00:00,0,3350,"406 بضاعة فاتورة رقم "
288,2023-04-10 00:00:00,2000,0,دفعة
288,2023-04-14 00:00:00,0,500,"408 بضاعة فاتورة رقم "
288,2023-04-14 00:00:00,1500,0,دفعة
288,2023-04-18 00:00:00,5000,0,"دفعة "
288,2023-04-19 00:00:00,0,13740,"411 بضاعة فاتورة رقم "
288,2023-04-19 00:00:00,5000,0,دفعة حسين
288,2023-04-20 00:00:00,5000,0,دفعة
288,2023-05-01 00:00:00,0,2835,"412 بضاعة فاتورة رقم "
288,2023-05-11 00:00:00,10000,0,"دفعه "
288,2023-05-11 00:00:00,0,2125,"416 بضاعة فاتورة رقم "
288,2023-05-18 00:00:00,5000,0,دفعة حسين
288,2023-05-18 00:00:00,0,2525,"417 بضاعة فاتورة رقم "
288,2023-05-19 00:00:00,0,9400,"418 بضاعة فاتورة رقم "
288,2023-05-19 00:00:00,6000,0,دفعة
288,2023-05-25 00:00:00,0,4575,"420 بضاعة فاتورة رقم "
288,2023-05-25 00:00:00,5000,0,دفعة
288,2023-05-27 00:00:00,0,6340,"423 بضاعة فاتورة رقم "
288,2023-06-02 00:00:00,5950,0,"1إرتجـاع فاتورة رقم "
288,2023-06-06 00:00:00,0,1730,"430 بضاعة فاتورة رقم "
288,2023-06-06 00:00:00,3000,0,"دفعة "
288,2023-06-06 00:00:00,335,0,دفعة جركن زيت
288,2023-06-09 00:00:00,0,3945,"432 بضاعة فاتورة رقم "
288,2023-06-09 00:00:00,5000,0,دفعة
288,2023-06-15 00:00:00,0,4225,"435 بضاعة فاتورة رقم "
288,2023-06-15 00:00:00,10000,0,دفعة
288,2023-06-17 00:00:00,0,12195,"440 بضاعة فاتورة رقم "
288,2023-06-17 00:00:00,0,1575,"441 بضاعة فاتورة رقم "
288,2023-06-19 00:00:00,10000,0,دفعة
288,2023-07-03 00:00:00,0,24030,"448 بضاعة فاتورة رقم "
288,2023-07-03 00:00:00,5000,0,دفعة
288,2023-07-04 00:00:00,10000,0,دفعة
288,2023-07-06 00:00:00,0,7329,"449 بضاعة فاتورة رقم "
288,2023-07-14 00:00:00,0,7300,"456 بضاعة فاتورة رقم "
288,2023-07-26 00:00:00,5000,0,دفعة
288,2023-07-26 00:00:00,3710,0,"1إرتجـاع فاتورة رقم "
288,2023-07-27 00:00:00,10000,0,دفعة
288,2023-07-28 00:00:00,0,13495,"461 بضاعة فاتورة رقم "
288,2023-07-28 00:00:00,3000,0,دفعة
288,2023-07-29 00:00:00,0,2348,"462 بضاعة فاتورة رقم "
288,2023-07-29 00:00:00,1060,0,"1إرتجـاع فاتورة رقم "
288,2023-08-02 00:00:00,5000,0,دفعة
288,2023-08-04 00:00:00,0,5525,"464 بضاعة فاتورة رقم "
288,2023-08-10 00:00:00,0,3325,"467 بضاعة فاتورة رقم "
288,2023-08-11 00:00:00,5000,0,دفعة
288,2023-08-15 00:00:00,10000,0,دفعة
288,2023-08-19 00:00:00,0,6617,"469 بضاعة فاتورة رقم "
288,2023-08-19 00:00:00,0,4530,"470 بضاعة فاتورة رقم "
288,2023-08-21 00:00:00,10000,0,دفعة
288,2023-08-24 00:00:00,0,1126,"472 بضاعة فاتورة رقم "
288,2023-08-29 00:00:00,0,1200,"473 بضاعة فاتورة رقم "
288,2023-08-29 00:00:00,5000,0,دفعة
288,2023-09-05 00:00:00,0,12255,"480 بضاعة فاتورة رقم "
288,2023-09-13 00:00:00,0,2505,"482 بضاعة فاتورة رقم "
288,2023-09-16 00:00:00,5000,0,دفعة
288,2023-09-16 00:00:00,335,0,زيت 3000
288,2023-09-16 00:00:00,10000,0,دفعة 09-05
288,2023-09-21 00:00:00,0,11475,"491 بضاعة فاتورة رقم "
288,2023-09-22 00:00:00,0,3060,"492 بضاعة فاتورة رقم "
288,2023-09-30 00:00:00,5000,0,دفعة
288,2023-10-04 00:00:00,0,5250,"497 بضاعة فاتورة رقم "
288,2023-10-06 00:00:00,0,1710,"498 بضاعة فاتورة رقم "
288,2023-10-06 00:00:00,0,750,"499 بضاعة فاتورة رقم "
288,2023-10-06 00:00:00,5000,0,دفعة
288,2023-10-07 00:00:00,10000,0,دفعة اول شهر9
288,2023-10-10 00:00:00,0,2875,"500 بضاعة فاتورة رقم "
288,2023-10-10 00:00:00,5000,0,دفعة
288,2023-10-17 00:00:00,0,3800,"503 بضاعة فاتورة رقم "
288,2023-10-18 00:00:00,5000,0,دفعة
288,2023-10-24 00:00:00,0,11665,"506 بضاعة فاتورة رقم "
288,2023-10-28 00:00:00,0,3150,"508 بضاعة فاتورة رقم "
288,2023-10-30 00:00:00,0,12600,"509 بضاعة فاتورة رقم "
288,2023-10-30 00:00:00,0,3200,"510 بضاعة فاتورة رقم "
288,2023-10-30 00:00:00,15000,0,دفعة
288,2023-10-30 00:00:00,8000,0,دفعة الاسبوع الماضى يوم استاذن ايمن
288,2023-10-30 00:00:00,5000,0,دفعة سابقة
288,2023-11-02 00:00:00,0,10360,"512 بضاعة فاتورة رقم "
288,2023-11-03 00:00:00,0,4400,"513 بضاعة فاتورة رقم "
288,2023-11-04 00:00:00,0,1060,"515 بضاعة فاتورة رقم "
288,2023-11-04 00:00:00,10597,0,"1إرتجـاع فاتورة رقم "
288,2023-11-04 00:00:00,4400,0,"1إرتجـاع فاتورة رقم "
288,2023-11-04 00:00:00,5000,0,دفعة
288,2023-11-06 00:00:00,0,4500,"516 بضاعة فاتورة رقم "
288,2023-11-06 00:00:00,0,10596.7,"517 بضاعة فاتورة رقم "
288,2023-11-06 00:00:00,7000,0,دفعة
288,2023-11-11 00:00:00,0,5315,"518 بضاعة فاتورة رقم "
288,2023-11-13 00:00:00,0,7150,"519 بضاعة فاتورة رقم "
288,2023-11-13 00:00:00,15000,0,دفعة
288,2023-11-15 00:00:00,0,3618,"520 بضاعة فاتورة رقم "
288,2023-11-21 00:00:00,0,4775,"521 بضاعة فاتورة رقم "
288,2023-11-22 00:00:00,0,2365,"523 بضاعة فاتورة رقم "
288,2023-11-22 00:00:00,2125,0,"1إرتجـاع فاتورة رقم "
288,2023-11-22 00:00:00,10000,0,دفعة
288,2023-11-28 00:00:00,0,1350,"527 بضاعة فاتورة رقم "
288,2023-11-29 00:00:00,0,3450,"528 بضاعة فاتورة رقم "
288,2023-11-29 00:00:00,5000,0,دفعة
288,2023-12-05 00:00:00,0,2630,"531 بضاعة فاتورة رقم "
288,2023-12-05 00:00:00,10000,0,دفعة
288,2023-12-05 00:00:00,0,60,"532 بضاعة فاتورة رقم "
288,2023-12-05 00:00:00,0,7655,"533 بضاعة فاتورة رقم "
288,2023-12-09 00:00:00,0,6070,"534 بضاعة فاتورة رقم "
288,2023-12-11 00:00:00,5000,0,دفعة
288,2023-12-16 00:00:00,0,4250,"538 بضاعة فاتورة رقم "
288,2023-12-18 00:00:00,5000,0,دفعة
288,2023-12-19 00:00:00,0,3190,"540 بضاعة فاتورة رقم "
288,2023-12-19 00:00:00,5000,0,دفعة
288,2023-12-23 00:00:00,0,16250,"541 بضاعة فاتورة رقم "
288,2023-12-23 00:00:00,16250,0,دفعة تمن البوجيهات
288,2023-12-23 00:00:00,0,5420,"542 بضاعة فاتورة رقم "
288,2023-12-30 00:00:00,0,10685,"545 بضاعة فاتورة رقم "
288,2024-01-01 00:00:00,8000,0,دفعة
288,2024-01-05 00:00:00,0,2955,"546 بضاعة فاتورة رقم "
288,2024-01-10 00:00:00,0,3622,"547 بضاعة فاتورة رقم "
288,2024-01-11 00:00:00,0,7300,"548 بضاعة فاتورة رقم "
288,2024-01-11 00:00:00,0,1020,"549 بضاعة فاتورة رقم "
288,2024-01-11 00:00:00,7300,0,دفعة
288,2024-01-11 00:00:00,10000,0,دفعة
288,2024-01-13 00:00:00,5000,0,دفعة
288,2024-01-16 00:00:00,0,2445,"550 بضاعة فاتورة رقم "
288,2024-01-17 00:00:00,0,19100,"551 بضاعة فاتورة رقم "
288,2024-01-17 00:00:00,15000,0,دفعة
288,2024-01-19 00:00:00,10000,0,دفعة
288,2024-01-23 00:00:00,0,5825,"554 بضاعة فاتورة رقم "
288,2024-01-23 00:00:00,0,2500,"555 بضاعة فاتورة رقم "
288,2024-01-27 00:00:00,5000,0,دفعة الاربعاء 24/01
288,2024-01-29 00:00:00,0,8205,"558 بضاعة فاتورة رقم "
288,2024-01-31 00:00:00,7000,0,دفعة
288,2024-02-06 00:00:00,0,1435,"561 بضاعة فاتورة رقم "
288,2024-02-20 00:00:00,10000,0,دفعة
288,2024-02-20 00:00:00,10000,0,دفعة
288,2024-02-20 00:00:00,0,3250,"564 بضاعة فاتورة رقم "
288,2024-02-20 00:00:00,0,8415,"565 بضاعة فاتورة رقم "
288,2024-02-22 00:00:00,0,7485,"566 بضاعة فاتورة رقم "
288,2024-02-24 00:00:00,0,4150,"568 بضاعة فاتورة رقم "
288,2024-02-28 00:00:00,0,6612,"570 بضاعة فاتورة رقم "
288,2024-02-28 00:00:00,1760,0,"1إرتجـاع فاتورة رقم "
288,2024-02-29 00:00:00,10000,0,دفعة
288,2024-02-29 00:00:00,10000,0,دفعة
288,2024-03-09 00:00:00,0,3760,"576 بضاعة فاتورة رقم "
288,2024-03-18 00:00:00,0,1950,"577 بضاعة فاتورة رقم "
288,2024-03-18 00:00:00,5000,0,دفعة
288,2024-03-18 00:00:00,2000,0,دفعة
288,2024-03-22 00:00:00,0,6500,"578 بضاعة فاتورة رقم "
288,2024-03-31 00:00:00,10000,0,دفعة
288,2024-03-31 00:00:00,0,13960,"579 بضاعة فاتورة رقم "
288,2024-04-06 00:00:00,0,5995,"582 بضاعة فاتورة رقم "
288,2024-04-16 00:00:00,0,800,"583 بضاعة فاتورة رقم "
288,2024-04-18 00:00:00,0,2700,"584 بضاعة فاتورة رقم "
288,2024-04-20 00:00:00,0,2760,"585 بضاعة فاتورة رقم "
288,2024-04-24 00:00:00,0,4535,"586 بضاعة فاتورة رقم "
288,2024-04-25 00:00:00,0,10500,"587 بضاعة فاتورة رقم "
288,2024-05-01 00:00:00,0,7080,"589 بضاعة فاتورة رقم "
288,2024-05-01 00:00:00,30000,0,دفعات
288,2024-05-03 00:00:00,0,3505,"590 بضاعة فاتورة رقم "
288,2024-05-10 00:00:00,0,9325,"594 بضاعة فاتورة رقم "
288,2024-05-11 00:00:00,5000,0,دفعة
288,2024-05-17 00:00:00,5000,0,دفعة
288,2024-05-28 00:00:00,0,9755.3,"599 بضاعة فاتورة رقم "
288,2024-06-08 00:00:00,0,2575,"603 بضاعة فاتورة رقم "
288,2024-06-08 00:00:00,0,9755,"601 بضاعة فاتورة رقم "
288,2024-06-09 00:00:00,10000,0,دفعة
288,2024-06-10 00:00:00,9755,0,"1إرتجـاع فاتورة رقم "
288,2024-06-10 00:00:00,0,5420,"604 بضاعة فاتورة رقم "
288,2024-06-28 00:00:00,0,8850,"605 بضاعة فاتورة رقم "
288,2024-07-01 00:00:00,0,17230,"606 بضاعة فاتورة رقم "
288,2024-07-02 00:00:00,10000,0,دفعتين
288,2024-07-03 00:00:00,5000,0,دفعة
288,2024-07-11 00:00:00,0,3125,"609 بضاعة فاتورة رقم "
288,2024-07-13 00:00:00,0,6275,"610 بضاعة فاتورة رقم "
288,2024-07-19 00:00:00,0,4770,"612 بضاعة فاتورة رقم "
288,2024-07-19 00:00:00,0,8150,"613 بضاعة فاتورة رقم "
288,2024-07-20 00:00:00,56256,0,تسوية
288,2024-07-23 00:00:00,0,10565,"614 بضاعة فاتورة رقم "
288,2024-07-26 00:00:00,10000,0,دفعة
288,2024-07-26 00:00:00,0,13080,"615 بضاعة فاتورة رقم "
288,2024-08-01 00:00:00,0,3220,"617 بضاعة فاتورة رقم "
288,2024-08-01 00:00:00,0,10150,"618 بضاعة فاتورة رقم "
288,2024-08-02 00:00:00,0,5600,"620 بضاعة فاتورة رقم "
288,2024-08-09 00:00:00,10000,0,دفعة
288,2024-08-17 00:00:00,0,7000,"624 بضاعة فاتورة رقم "
288,2024-08-17 00:00:00,350,0,"1إرتجـاع فاتورة رقم "
288,2024-09-03 00:00:00,0,4230,"625 بضاعة فاتورة رقم "
288,2024-09-09 00:00:00,0,9025,"626 بضاعة فاتورة رقم "
288,2024-09-09 00:00:00,10000,0,دفعة
288,2024-09-17 00:00:00,0,6050,"630 بضاعة فاتورة رقم "
288,2024-09-17 00:00:00,0,8125,"631 بضاعة فاتورة رقم "
288,2024-09-17 00:00:00,0,3130,"632 بضاعة فاتورة رقم "
288,2024-09-27 00:00:00,0,8485,"633 بضاعة فاتورة رقم "
288,2024-09-28 00:00:00,0,1465,"634 بضاعة فاتورة رقم "
288,2024-09-28 00:00:00,5000,0,دفعة
288,2024-10-04 00:00:00,10000,0,دفعة
288,2024-10-10 00:00:00,5000,0,دفعة
288,2024-10-15 00:00:00,0,8180,"635 بضاعة فاتورة رقم "
288,2024-10-15 00:00:00,10000,0,دفعة
288,2024-10-19 00:00:00,0,3170,"636 بضاعة فاتورة رقم "
288,2024-10-22 00:00:00,0,6770,"637 بضاعة فاتورة رقم "
288,2024-10-22 00:00:00,20000,0,دفعة
288,2024-10-26 00:00:00,10000,0,دفعة
288,2024-10-28 00:00:00,0,4495,"639 بضاعة فاتورة رقم "
288,2024-10-28 00:00:00,0,600,"640 بضاعة فاتورة رقم "
288,2024-11-02 00:00:00,5000,0,دفعة
288,2024-11-02 00:00:00,0,2025,"641 بضاعة فاتورة رقم "
288,2024-11-09 00:00:00,0,4515,"643 بضاعة فاتورة رقم "
288,2024-11-09 00:00:00,20000,0,دفعة
288,2024-11-13 00:00:00,0,6755,"644 بضاعة فاتورة رقم "
288,2024-11-13 00:00:00,0,2740,"645 بضاعة فاتورة رقم "
288,2024-11-13 00:00:00,0,3575,"646 بضاعة فاتورة رقم "
288,2024-11-13 00:00:00,0,2585,"647 بضاعة فاتورة رقم "
288,2024-11-19 00:00:00,5000,0,دفعة
288,2024-11-26 00:00:00,5000,0,دفعة
288,2024-12-03 00:00:00,0,3000,"650 بضاعة فاتورة رقم "
288,2024-12-07 00:00:00,20000,0,دفعة
288,2024-12-07 00:00:00,0,6350,"651 بضاعة فاتورة رقم "
288,2024-12-16 00:00:00,0,1480,"652 بضاعة فاتورة رقم "
288,2025-01-01 00:00:00,0,9150,"653 بضاعة فاتورة رقم "
288,2025-01-01 00:00:00,0,14750,"654 بضاعة فاتورة رقم "
288,2025-01-04 00:00:00,5000,0,دفعة
288,2025-01-06 00:00:00,0,1500,"655 بضاعة فاتورة رقم "
288,2025-01-10 00:00:00,7000,0,دفعة
288,2025-01-14 00:00:00,0,7470,"656 بضاعة فاتورة رقم "
288,2025-01-16 00:00:00,0,2530,"657 بضاعة فاتورة رقم "
288,2025-01-16 00:00:00,5000,0,دفعة
288,2025-01-21 00:00:00,10000,0,دفعة
288,2025-01-21 00:00:00,0,3800,"661 بضاعة فاتورة رقم "
288,2025-01-24 00:00:00,0,1050,"665 بضاعة فاتورة رقم "
288,2025-01-25 00:00:00,0,10250,"666 بضاعة فاتورة رقم "
288,2025-01-25 00:00:00,0,7735,"667 بضاعة فاتورة رقم "
288,2025-02-01 00:00:00,0,11500,"670 بضاعة فاتورة رقم "
288,2025-02-01 00:00:00,5000,0,دفعة
288,2025-02-03 00:00:00,20000,0,دفعة
288,2025-02-09 00:00:00,0,4570,"671 بضاعة فاتورة رقم "
288,2025-02-09 00:00:00,0,3930,"672 بضاعة فاتورة رقم "
288,2025-02-12 00:00:00,0,1550,"673 بضاعة فاتورة رقم "
288,2025-02-15 00:00:00,10000,0,دفعة
288,2025-02-17 00:00:00,5000,0,"دفعة "
288,2025-02-18 00:00:00,5000,0,"دفعة "
288,2025-02-18 00:00:00,15000,0,دفعة
288,2025-02-18 00:00:00,5200,0,دفعة
288,2025-02-19 00:00:00,0,7600,"676 بضاعة فاتورة رقم "
288,2025-02-22 00:00:00,0,29955,"677 بضاعة فاتورة رقم "
288,2025-02-25 00:00:00,0,5600,"678 بضاعة فاتورة رقم "
288,2025-02-25 00:00:00,0,5600,"682 بضاعة فاتورة رقم "
288,2025-02-25 00:00:00,3000,0,"1إرتجـاع فاتورة رقم "
288,2025-02-26 00:00:00,5600,0,"1إرتجـاع فاتورة رقم "
288,2025-02-26 00:00:00,2075,0,"1إرتجـاع فاتورة رقم "
288,2025-02-28 00:00:00,10000,0,"دفعة تحويل انستا باى "
288,2025-03-07 00:00:00,0,1910,"687 بضاعة فاتورة رقم "
288,2025-03-07 00:00:00,5000,0,"دفعة "
288,2025-03-15 00:00:00,5000,0,"دفعة "
288,2025-03-21 00:00:00,5000,0,"دفعة "
288,2025-03-28 00:00:00,5000,0,"دفعة "
288,2025-04-14 00:00:00,15000,0,دفعة
288,2025-04-14 00:00:00,10000,0,"دفعة لحسين تحويل "
288,2025-04-14 00:00:00,0,15680,"696 بضاعة فاتورة رقم "
288,2025-04-19 00:00:00,0,12970,"699 بضاعة فاتورة رقم "
288,2025-04-28 00:00:00,0,2800,"703 بضاعة فاتورة رقم "
288,2025-04-28 00:00:00,5000,0,دفعة
288,2025-04-28 00:00:00,0,4560,"701 بضاعة فاتورة رقم "
288,2025-05-01 00:00:00,0,5175,"705 بضاعة فاتورة رقم "
288,2025-05-03 00:00:00,0,5280,"707 بضاعة فاتورة رقم "
288,2025-05-03 00:00:00,5000,0,دفعة
288,2025-05-09 00:00:00,0,6570,"708 بضاعة فاتورة رقم "
288,2025-05-09 00:00:00,0,7805,"709 بضاعة فاتورة رقم "
288,2025-05-09 00:00:00,5000,0,دفعة
288,2025-05-10 00:00:00,5000,0,دفعة
288,2025-05-10 00:00:00,0,1435,"712 بضاعة فاتورة رقم "
288,2025-05-14 00:00:00,5000,0,دفعة
288,2025-05-20 00:00:00,0,1750,"717 بضاعة فاتورة رقم "
288,2025-05-20 00:00:00,5000,0,دفعة
288,2025-05-20 00:00:00,5000,0,دفعة
288,2025-05-21 00:00:00,0,5225,"718 بضاعة فاتورة رقم "
288,2025-05-21 00:00:00,10000,0,دفعة حسين
288,2025-05-27 00:00:00,0,9920,"720 بضاعة فاتورة رقم "
288,2025-05-27 00:00:00,10000,0,دفعة
288,2025-06-02 00:00:00,0,6735,"723 بضاعة فاتورة رقم "
288,2025-06-10 00:00:00,10000,0,دفعة
288,2025-06-11 00:00:00,350,0,"1إرتجـاع فاتورة رقم "
288,2025-06-12 00:00:00,0,0,"725 بضاعة فاتورة رقم "
288,2025-06-12 00:00:00,0,1875,"726 بضاعة فاتورة رقم "
288,2025-06-16 00:00:00,5000,0,"دفعة تحويل "
288,2025-06-16 00:00:00,5000,0,"دفعة نقدا "
288,2025-06-19 00:00:00,0,14415,"727 بضاعة فاتورة رقم "
288,2025-06-19 00:00:00,0,4330,"728 بضاعة فاتورة رقم "
288,2025-06-21 00:00:00,0,5115,"729 بضاعة فاتورة رقم "
288,2025-06-23 00:00:00,5000,0,دفعة
288,2025-06-24 00:00:00,0,475,"730 بضاعة فاتورة رقم "
288,2025-06-24 00:00:00,0,5000,"731 بضاعة فاتورة رقم "
288,2025-06-24 00:00:00,5000,0,دفعة
288,2025-06-27 00:00:00,0,10740,"732 بضاعة فاتورة رقم "
288,2025-06-27 00:00:00,0,120,"733 بضاعة فاتورة رقم "
288,2025-06-30 00:00:00,0,5570,"736 بضاعة فاتورة رقم "
288,2025-07-04 00:00:00,10000,0,دفعة
288,2025-07-05 00:00:00,0,8090,"737 بضاعة فاتورة رقم "
288,2025-07-10 00:00:00,5000,0,دفعة
288,2025-07-11 00:00:00,0,12825,"740 بضاعة فاتورة رقم "
288,2025-07-14 00:00:00,5000,0,دفعة
288,2025-07-15 00:00:00,5000,0,دفعة
288,2025-07-18 00:00:00,0,10655,"742 بضاعة فاتورة رقم "
288,2025-07-25 00:00:00,0,9565,"745 بضاعة فاتورة رقم "
288,2025-07-25 00:00:00,9000,0,دفعة
288,2025-08-02 00:00:00,5000,0,دفعة
288,2025-08-02 00:00:00,0,5655,"749 بضاعة فاتورة رقم "
288,2025-08-02 00:00:00,0,5550,"750 بضاعة فاتورة رقم "
288,2025-08-04 00:00:00,5000,0,دفعة
288,2025-08-06 00:00:00,0,3300,"751 بضاعة فاتورة رقم "
288,2025-08-08 00:00:00,0,1540,"752 بضاعة فاتورة رقم "
288,2025-08-09 00:00:00,5000,0,دفعة
288,2025-08-18 00:00:00,20000,0,دفعة
288,2025-08-30 00:00:00,0,1350,"757 بضاعة فاتورة رقم "
288,2025-08-30 00:00:00,0,1000,"758 بضاعة فاتورة رقم "
288,2025-08-30 00:00:00,0,12045,"759 بضاعة فاتورة رقم "
288,2025-08-30 00:00:00,5000,0,دفعة
288,2025-09-01 00:00:00,5000,0,دفعة
288,2025-09-02 00:00:00,0,1900,"760 بضاعة فاتورة رقم "
288,2025-09-06 00:00:00,0,9400,"761 بضاعة فاتورة رقم "
288,2025-09-08 00:00:00,7000,0,دفعة
288,2025-09-08 00:00:00,0,5750,"762 بضاعة فاتورة رقم "
288,2025-09-13 00:00:00,0,6140,"764 بضاعة فاتورة رقم "
288,2025-09-14 00:00:00,5250,0,"دفعة و250 باقى كرتونة بوجيهات كيا "
288,2025-09-14 00:00:00,0,2800,"765 بضاعة فاتورة رقم "
288,2025-09-15 00:00:00,0,1675,"766 بضاعة فاتورة رقم "
288,2025-09-22 00:00:00,10000,0,دفعة
288,2025-09-23 00:00:00,0,3440,"767 بضاعة فاتورة رقم "
288,2025-09-27 00:00:00,3000,0,"1إرتجـاع فاتورة رقم "
288,2025-09-27 00:00:00,5000,0,دفعة
288,2025-10-01 00:00:00,0,6655,"769 بضاعة فاتورة رقم "
288,2025-10-02 00:00:00,0,2500,"771 بضاعة فاتورة رقم "
288,2025-10-06 00:00:00,5000,0,دفعة
288,2025-10-07 00:00:00,0,6785,"772 بضاعة فاتورة رقم "
288,2025-10-11 00:00:00,0,1200,"773 بضاعة فاتورة رقم "
288,2025-10-14 00:00:00,5000,0,دفعة
288,2025-10-16 00:00:00,0,4050,"775 بضاعة فاتورة رقم "
288,2025-10-18 00:00:00,5000,0,دفعة
288,2025-10-28 00:00:00,0,6750,"777 بضاعة فاتورة رقم "
288,2025-10-28 00:00:00,5000,0,دفعة
288,2025-11-01 00:00:00,5000,0,دفعة
288,2025-11-04 00:00:00,0,1650,"778 بضاعة فاتورة رقم "
288,2025-11-08 00:00:00,0,5690,"780 بضاعة فاتورة رقم "
288,2025-11-08 00:00:00,5000,0,دفعة
288,2025-11-11 00:00:00,0,4790,"781 بضاعة فاتورة رقم "
288,2025-11-14 00:00:00,0,11840,"782 بضاعة فاتورة رقم "
288,2025-11-15 00:00:00,5000,0,دفعة
288,2025-11-21 00:00:00,10000,0,دفعة
288,2025-11-21 00:00:00,0,8640,"784 بضاعة فاتورة رقم "
288,2025-11-21 00:00:00,0,8120,"785 بضاعة فاتورة رقم "
288,2025-11-21 00:00:00,0,800,"786 بضاعة فاتورة رقم "
288,2025-11-24 00:00:00,5000,0,دفعة
288,2025-11-27 00:00:00,0,3900,"788 بضاعة فاتورة رقم "
288,2025-12-01 00:00:00,5000,0,دفعة
288,2025-12-03 00:00:00,0,6435,"789 بضاعة فاتورة رقم "
288,2025-12-06 00:00:00,0,5800,"790 بضاعة فاتورة رقم "
288,2025-12-08 00:00:00,20000,0,دفعة
288,2025-12-13 00:00:00,0,8275,"791 بضاعة فاتورة رقم "
288,2025-12-13 00:00:00,0,3250,"792 بضاعة فاتورة رقم "
288,2025-12-13 00:00:00,0,2400,"793 بضاعة فاتورة رقم "
288,2025-12-20 00:00:00,0,9345,"794 بضاعة فاتورة رقم "
288,2025-12-20 00:00:00,30000,0,دفعة حسين
288,2025-12-24 00:00:00,0,5225,"795 بضاعة فاتورة رقم "
288,2025-12-24 00:00:00,0,16950,"796 بضاعة فاتورة رقم "
288,2025-12-24 00:00:00,0,12940,"797 بضاعة فاتورة رقم "
288,2025-12-26 00:00:00,30000,0,"دفعة "
288,2025-12-31 00:00:00,0,10705,"800 بضاعة فاتورة رقم "
288,2026-01-03 00:00:00,5000,0,دفعة
288,2026-01-10 00:00:00,0,3210,"807 بضاعة فاتورة رقم "
288,2026-01-10 00:00:00,5000,0,دفعة
288,2026-01-10 00:00:00,0,3825,"808 بضاعة فاتورة رقم "
288,2026-01-16 00:00:00,0,2000,"810 بضاعة فاتورة رقم "
288,2026-01-17 00:00:00,5000,0,دفعة
288,2026-01-24 00:00:00,0,4950,"812 بضاعة فاتورة رقم "
288,2026-01-24 00:00:00,10000,0,دفعة
288,2026-01-29 00:00:00,0,16940,"814 بضاعة فاتورة رقم "
288,2026-01-31 00:00:00,5000,0,دفعة
288,2026-02-04 00:00:00,0,5325,"815 بضاعة فاتورة رقم "
288,2026-02-04 00:00:00,0,3550,"816 بضاعة فاتورة رقم "
288,2026-02-07 00:00:00,20000,0,دفعة
288,2026-02-12 00:00:00,0,9750,"819 بضاعة فاتورة رقم "
288,2026-02-27 00:00:00,10000,0,دفعة
288,2026-02-28 00:00:00,11000,0,دفعة
288,2026-02-28 00:00:00,0,3300,"821 بضاعة فاتورة رقم "
288,2026-02-28 00:00:00,0,6650,"822 بضاعة فاتورة رقم "
288,2026-03-02 00:00:00,0,9580,"825 بضاعة فاتورة رقم "
288,2026-03-02 00:00:00,10000,0,دفعة
288,2026-03-02 00:00:00,0,9580,"824 بضاعة فاتورة رقم "
288,2026-03-02 00:00:00,9580,0,"1إرتجـاع فاتورة رقم "
288,2026-03-07 00:00:00,5000,0,دفعة
288,2026-03-09 00:00:00,0,1475,"830 بضاعة فاتورة رقم "
288,2026-03-14 00:00:00,5000,0,دفعة
288,2026-03-18 00:00:00,0,1120,"833 بضاعة فاتورة رقم "
288,2026-03-24 00:00:00,5000,0,دفعة
288,2026-03-28 00:00:00,5000,0,دفعة
288,2026-03-31 00:00:00,0,4495,"835 بضاعة فاتورة رقم "
288,2026-04-08 00:00:00,0,1500,"837 بضاعة فاتورة رقم "
288,2026-04-08 00:00:00,0,1300,"838 بضاعة فاتورة رقم "
288,2026-04-10 00:00:00,0,3600,"839 بضاعة فاتورة رقم "
288,2026-04-10 00:00:00,10000,0,دفعة
288,2026-04-14 00:00:00,0,2090,"841 بضاعة فاتورة رقم "
288,2026-04-18 00:00:00,5000,0," حسين دفعة"
288,2026-04-22 00:00:00,0,3600,"846 بضاعة فاتورة رقم "
288,2026-04-28 00:00:00,5000,0,دفعة
288,2026-04-28 00:00:00,0,3935,"847 بضاعة فاتورة رقم "
288,2026-04-28 00:00:00,0,3390,"848 بضاعة فاتورة رقم "
288,2026-05-02 00:00:00,5000,0,دفعة
288,2026-05-09 00:00:00,5000,0,دفعة
288,2026-05-16 00:00:00,5000,0,دفعة
288,2026-05-17 00:00:00,0,13480,"851 بضاعة فاتورة رقم "
288,2026-05-23 00:00:00,5000,0,دفعة
288,2026-06-01 00:00:00,5000,0,دفعة
288,2026-06-05 00:00:00,0,2950,"853 بضاعة فاتورة رقم "
288,2026-06-05 00:00:00,0,6195,"854 بضاعة فاتورة رقم "
288,2026-06-08 00:00:00,5000,0,دفعة
288,2026-06-09 00:00:00,0,6800,"855 بضاعة فاتورة رقم "
288,2026-06-15 00:00:00,5000,0,دفعة
289,2022-10-17 00:00:00,0,8182.4,"303 بضاعة فاتورة رقم "
289,2022-10-18 00:00:00,2000,0,دفعة
289,2022-10-25 00:00:00,2000,0,دفعة
289,2022-11-09 00:00:00,2000,0,دفعة مياة قنديل )فودفون
289,2022-11-22 00:00:00,1000,0,دفعة
289,2022-11-30 00:00:00,1290,0,دفعة اخيرة قنديل مياة
289,2023-02-27 00:00:00,0,3930,"377 بضاعة فاتورة رقم "
289,2023-03-08 00:00:00,960,0,"1إرتجـاع فاتورة رقم "
289,2023-03-15 00:00:00,952.2,0,"1إرتجـاع فاتورة رقم "
289,2023-03-22 00:00:00,960,0,دفعة
289,2023-03-29 00:00:00,970,0,دفعة
289,2023-05-27 00:00:00,0,9444,"424 بضاعة فاتورة رقم "
289,2023-05-27 00:00:00,0,3470.4,"425 بضاعة فاتورة رقم "
289,2023-05-27 00:00:00,0,1494,"426 بضاعة فاتورة رقم "
289,2023-06-05 00:00:00,600,0,دفعة
289,2023-06-06 00:00:00,1700,0,دفعة قنديل
289,2023-06-13 00:00:00,1700,0,دفعة
289,2023-06-21 00:00:00,1700,0,دفعة
289,2023-07-18 00:00:00,1700,0,دفعة
289,2023-07-26 00:00:00,1800,0,دفعة
289,2023-08-02 00:00:00,3378,0,"1إرتجـاع فاتورة رقم "
289,2023-08-02 00:00:00,1810,0,دفعة اخيرة قنديل مياة
289,2023-10-21 00:00:00,0,1524,"505 بضاعة فاتورة رقم "
289,2023-11-01 00:00:00,500,0,دفعة
289,2023-11-08 00:00:00,300,0,دفعة
289,2023-11-15 00:00:00,724,0,دفعة اخيرة
289,2023-12-23 00:00:00,0,1827,"543 بضاعة فاتورة رقم "
289,2023-12-27 00:00:00,800,0,دفعة
289,2024-01-11 00:00:00,500,0,دفعة
289,2024-01-19 00:00:00,850,0,دفعة
289,2024-02-19 00:00:00,0,1532.4,"563 بضاعة فاتورة رقم "
289,2024-02-21 00:00:00,300,0,دفعة قنديل
289,2024-03-06 00:00:00,530,0,دفعة باقي في الحساب 700
289,2024-03-09 00:00:00,0,1650,"575 بضاعة فاتورة رقم "
289,2024-03-13 00:00:00,700,0,باقي الحساب
289,2024-03-20 00:00:00,500,0,دفعة
289,2024-05-08 00:00:00,710,0,دفعة
292,2025-04-28 00:00:00,0,18680,"702 بضاعة فاتورة رقم "
292,2025-04-28 00:00:00,7000,0,دفعة
292,2025-05-03 00:00:00,9000,0,دفعة
292,2025-05-03 00:00:00,0,11125,"706 بضاعة فاتورة رقم "
292,2025-05-10 00:00:00,0,3150,"711 بضاعة فاتورة رقم "
292,2025-05-14 00:00:00,10000,0,دفعة
292,2025-05-14 00:00:00,0,9750,"714 بضاعة فاتورة رقم "
292,2025-05-17 00:00:00,2500,0,"1إرتجـاع فاتورة رقم "
292,2025-05-29 00:00:00,13955,0,دفعة
292,2025-06-03 00:00:00,3250,0,دفعة
293,2025-05-14 00:00:00,0,550,"715 بضاعة فاتورة رقم "
293,2025-06-03 00:00:00,2330,0,دفعة
293,2025-06-03 00:00:00,0,1200,"724 بضاعة فاتورة رقم "
293,2025-07-16 00:00:00,0,450,"741 بضاعة فاتورة رقم "
294,2025-12-26 00:00:00,41000,0,دفعات
294,2025-12-31 00:00:00,0,4925,"801 بضاعة فاتورة رقم "
294,2026-01-02 00:00:00,20500,0,دفعة
295,2026-01-03 00:00:00,0,3840,"803 بضاعة فاتورة رقم "
295,2026-01-08 00:00:00,20500,0,دفعة
295,2026-01-14 00:00:00,0,16675,"809 بضاعة فاتورة رقم "
295,2026-01-16 00:00:00,10000,0,دفعة
295,2026-01-24 00:00:00,15440,0,دفعة
295,2026-02-07 00:00:00,0,6900,"818 بضاعة فاتورة رقم "
295,2026-03-28 00:00:00,6900,0,تصفية حساب
295,2026-03-28 00:00:00,10077,0,دفعة بسام
295,2026-03-28 00:00:00,0,40308,"834 بضاعة فاتورة رقم "
295,2026-04-04 00:00:00,0,15340,"836 بضاعة فاتورة رقم "
295,2026-04-04 00:00:00,11400,0,دفعة
295,2026-04-11 00:00:00,11400,0,دفعة
295,2026-04-18 00:00:00,11400,0,بسام دفعة
295,2026-05-01 00:00:00,11371,0,دفعة
295,2026-05-02 00:00:00,6000,0,دفعة
295,2026-05-09 00:00:00,0,13413,"850 بضاعة فاتورة رقم "
295,2026-05-09 00:00:00,5000,0,دفعة
295,2026-06-13 00:00:00,0,47095,"857 بضاعة فاتورة رقم "
295,2026-06-13 00:00:00,11775,0,دفعة
296,2026-02-28 00:00:00,0,131854,"823 بضاعة فاتورة رقم "
296,2026-02-28 00:00:00,70000,0,"دفعة "
296,2026-03-05 00:00:00,61854,0,دفعه
297,2026-03-07 00:00:00,0,7420,"829 بضاعة فاتورة رقم "
297,2026-03-09 00:00:00,5000,0,دفعة
297,2026-04-03 00:00:00,3420,0,دفعة
